name;short_desc;start;end;location_place;location_state;location_country;location_cont_division;location_cont;location_other;type;field;casualties_low;casualties_high;range_type;dubious;time_bp_start;time_bp_end;duration;generations;curr_year;source;image;long_desc;
The Big Bang;The Big Bang;-13800000000;;;;;;;Universe;Event;;;;;;13800000000;;;;2023;https://en.wikipedia.org/wiki/Big_Bang;;;
Milky Way;Formation of the Milky Way galaxy (small overdensity);-13600000000;;;;;;;Milky Way;Event;;;;;;13600000000;;;;2023;https://spaceplace.nasa.gov/galaxies-age/en/#:~:text=Astronomers%20believe%20that%20our%20own,about%20500%20million%20years%20ago;;;
Earth;Formation of Earth;-4540000000;;;;;;;World;Event;;;;;;4540000000;;;;2023;;;;
Solar System;Formation of the Solar System;-4540000000;;;;;;;Solar System;Event;;;;;;4540000000;;;;2023;;;;
Theia collides with Earth;"Theia hits Earth; ejected material coalesces to create the Moon";-4425000000;;;;;;;Moon;Event;;;;;;4425000000;;;;2023;;;;
Water on Earth;Earliest water on Earth;-4400000000;-4280000000;;;;;;World;Event;;;;1;;4400000000;4280000000;;;2023;;;;
Protocell;"Earliest life form (protocell); has RNA";-4280000000;-3700000000;;;;;;World;Event;;;;1;;4280000000;3700000000;;;2023;;;;
Late Heavy Bombardment (LHB);;-4100000000;-3900000000;;;;;;World;Event;;;;1;;4100000000;3900000000;;;2023;;;;
LUCA;"LUCA (last universal common ancestor); DNA exists by this point";-4000000000;;;;;;;World;Event;;;;;;4000000000;;;;2023;;;;
Emergence of viruses;;-4000000000;-1500000000;;;;;;World;Event;;;;1;;4000000000;1500000000;;;2023;;;;
Photosynthesis;Earliest oxygen (photosynthesis);-3500000000;;;;;;;World;Event;;;;;;3500000000;;;;2023;;;;
Emergence of Eukaryotes;;-2300000000;-1800000000;;;;;;World;Event;;;;1;;2300000000;1800000000;;;2023;;;;
Francevillian biota;Earliest forms of multicellular life;-2100000000;;;;;;;World;Event;;;;;;2100000000;;;;2023;;;;
Sexual reproduction;Appearance of sexual reproduction;-2000000000;;;;;;;World;Event;;;;;;2000000000;;;;2023;;;;
Caveasphera;Earliest animals;-750000000;-609000000;;;;;;World;Event;;;;1;;750000000;609000000;;;2023;;;;
Cambrian Explosion;;-538800000;;;;;;;World;Event;;;;;;538800000;;;;2023;;;;
Sarcopterygii (lobe-finned fishes);;-425000000;;;;;;;World;Event;;;;;;425000000;;;;2023;;;;
;Earliest tetrapods emerge from Sarcopterygii;-390000000;;;;;;;World;Event;;;;;;390000000;;;;2023;;;;
Pangea;;-335000000;-200000000;;;;;;Pangea;Period;Geology;;;;;335000000;200000000;135000000;;2023;;;;
;Synapsids emerge from Tetrapoda;-319000000;;;;;;;World;Event;;;;;;319000000;;;;2023;;;;
;Mammals emerge from the reptilian order of Therapsida (who evolved from Synapsida);-252000000;-201000000;;;;;;World;Event;;;;1;;252000000;201000000;;;2023;;;;
;Permian–Triassic extinction event (Great Dying);-252000000;;;;;;;World;Event;;;;;;252000000;;;;2023;;;;
;Primates emerge from mammals;-85000000;;;;;;;World;Event;Archaeogenetics;;;;;85000000;;;8500000;2023;;;;
;Asteroid impact and mass extinction of life (75%) incl. all non-avian dinosaurs;-66000000;;;;;;;World;Event;Archaeogenetics;;;;;66000000;;;6600000;2023;;;;
;The icing of Antarctica begins;-45500000;;;;;;Antarctica;;Event;Archaeogenetics;;;;;45500000;;;4550000;2023;;;;
;Hominoids diverge from Old World monkeys;-25000000;;;;;;;;Event;Archaeogenetics;;;;;25000000;;;2500000;2023;;;;
;Danuvius guggenmosi (possibly first bipedal Great Ape) in southern Germany;-11600000;;Southern Germany;;Germany;;;;Event;Archaeogenetics;;;;;11600000;;;1160000;2023;;;;
;Hominini diverge from Gorillini (gorillas);-9000000;-8000000;;;;;;;Event;Archaeogenetics;;;1;;9000000;8000000;;900000;2023;;;;
;Oldest hominin found? — Graecopithecus freybergi (Bulgaria) (North Side Story);-7200000;;;;;;;;Event;Archaeogenetics;;;;1;7200000;;;720000;2023;;;;
;Emergence of the tribe Hominini (hominins) in Africa;-7000000;;;;;;;;Event;Archaeogenetics;;;;;7000000;;;583333;2023;;;;
;Sahelanthropus tchadensis found in northern Chad (possibly bipedal);-7000000;;;;;;;;Event;Archaeogenetics;;;;;7000000;;;583333;2023;;;;
;Divergence from chimpanzees;-6000000;-4000000;;;;;;;Event;Archaeogenetics;;;1;;6000000;4000000;;500000;2023;;;;
;Ardipithecus kadabba;-5600000;;;;;;;;Event;Archaeogenetics;;;;;5600000;;;466666;2023;;;;
;Ardipithecus ramidus;-4400000;;;;;;;;Event;Archaeogenetics;;;;;4400000;;;366666;2023;;;;
;Earliest confirmed bipedal hominin: Australopithecus anamensis in eastern Africa;-4200000;;;;;;;;Event;Archaeogenetics;;;;;4200000;;;350000;2023;;;;
;"Oldest stone tools (Lomekwi; possibly made by A. afarensis)";-3300000;;;;;;;;Event;Archaeogenetics;;;;;3300000;;;275000;2023;;;;
;Lucy (Australopithecus afarensis) in East Africa;-3200000;;;;;;;;Event;Archaeogenetics;;;;;3200000;;;228715;2023;;;;
;Genus Homo emerges from genus Australopithecus;-3000000;-2000000;;;;;;;Event;Archaeogenetics;;;1;;3000000;2000000;;214430;2023;;;;
;Earliest evidence of controlled use of fire by hominids;-2000000;-1700000;;;;;;;Event;Archaeogenetics;;;1;;2000000;1700000;;143001;2023;;;;
;First evidence of Homo erectus (Africa);-2000000;;;;;;;;Event;Archaeogenetics;;;;;2000000;;;143001;2023;;;;
;Definitive evidence of use of fire by H. erectus;-1000000;;;;;;;;Event;Archaeogenetics;;;;;1000000;;;71573;2023;;;;
;Homo heidelbergensis;-700000;-200000;;;;;;;Event;Archaeogenetics;;;;;700000;200000;500000;50144;2023;;;;
;Splitting of Denisovans and Neanderthals (derived from H. heidelbergensis);-500000;-400000;;;;;;;Event;Archaeogenetics;;;1;;500000;400000;;31376;2023;;;;
;Neanderthals arrive in Europe;-450000;;;;;;Europe;;Event;Archaeogenetics;;;;;450000;;;28251;2023;;;;
;Oldest anatomically modern human (AMH/EMH) found in Morocco;-313000;;;;North Africa;;;;Event;Archaeogenetics;;;;;315000;;;19688;2023;;;;
;H. sapiens' first unsuccessful attempt at migrating to Europe?;-208000;;;;;;Europe;;Event;Archaeogenetics;;;;1;210000;;;13126;2023;;;;
;H. erectus goes extinct;-115000;-106000;;;;;;;Event;Archaeogenetics;;;1;;117000;108000;;7313;2023;;;;
;Likely earliest use of clothing (arrived at by investigating human body louse);-105000;;;;;;;;Event;Archaeogenetics;;;;1;107000;;;6688;2023;;;;
;Toba supereruption in Indonesia (humans bottlenecked down to 3k-10k individuals);-72000;;;;Indonesia;;;;Event;Archaeogenetics;;;;;74000;;;4626;2023;;;;
;Migration out of Africa (Arabian peninsula);-68000;;;;Arabian peninsula;;;;Event;Archaeogenetics;;;;;70000;;;4376;2023;;;;
;Humans arrive in South Asia and Southeast Asia;-63000;;;;;;Asia;;Event;Archaeogenetics;;;;;65000;;;4063;2023;;;;
;First non-figurative cave painting in Spain: made by a Neanderthal (Maltravieso);-62000;;;;Spain;;;;Event;Archaeogenetics;;;;1;64000;;;4001;2023;;;;
;West Eurasian lineage (Emiran) separated;-48000;;;;;;;;Event;Archaeogenetics;;;;;50000;;;3126;2023;;;;
Settlement of Australia;Humans reach Australia;-48000;;;;;;Australia;;Event;Archaeogenetics;;;;;50000;;;3126;2023;https://en.wikipedia.org/wiki/Recent_African_origin_of_modern_humans#:~:text=humans%20there%20at-,50%2C000%20years%20ago,-at%20earliest%2C;https://upload.wikimedia.org/wikipedia/commons/thumb/2/27/Spreading_homo_sapiens_la.svg/2880px-Spreading_homo_sapiens_la.svg.png;;
;Humans successfully arrive in Europe (Aurignacian) and East Asia;-43000;;;;;;Europe, East Asia;;Event;Archaeogenetics;;;;;45000;;;2813;2023;;;;
;First figurative cave painting in Indonesia: a pig (Maros-Pangkep karst);-41900;;;;Indonesia;;;;Event;Archaeogenetics;;;;;43900;;;2745;2023;;;;
;Neanderthals go extinct;-39000;-36000;;;;;Eurasia;;Event;Archaeogenetics;;;1;;41000;38000;;2563;2023;;;;
Early European modern humans (EEMH) (Cro-Magnon);;-38000;-24000;;;;;Europe;;Event;Archaeogenetics;;;;;40000;26000;14000;2501;2023;;;;
;Long-term association between hunter-gatherers and gray wolves (pacification = fitness benefits for wolves);-38000;-28000;;;;;;;Event;Archaeogenetics;;;1;;40000;30000;;2501;2023;;;;
;Kostenki 14 (man): quintessential European;-34000;;;;;;;;Event;Archaeogenetics;;;;;36000;;;2251;2023;;;;
;Gravettian culture (possibly tallest people in history by genetics) in Europe;-31000;-22000;;;;;Europe;;Event;Archaeogenetics;;;;;33000;24000;9000;2063;2023;;;;
Settlement of Japan;Humans arrive in Japan;-28000;;;;Japan;;;;Event;Archaeogenetics;;;;;30000;;;1876;2023;;;;
;Denisovans go extinct;-28000;-13000;;;;;Asia;;Event;Archaeogenetics;;;1;;30000;15000;;1876;2023;;;;
Twisted rope;Oldest known twisted rope;-26000;;;;;;Europe;;Event;Archaeogenetics;;;;;28000;;;1751;2023;https://en.wikipedia.org/wiki/Rope#:~:text=Europe%20dating%20back%2028%2C000%20years;;;
;Oruanui supereruption in New Zealand;-24500;;;;New Zealand;;;;Event;Archaeogenetics;;;;;26500;;;1657;2023;;;;
;Stone age people in America?;-24000;-17000;;;;;;;Event;Archaeogenetics;;;1;1;26000;19000;;1626;2023;;;;
Caucasus Hunter-Gatherers (CHG);;-23000;-6000;;;Caucasus;;;;Event;Archaeogenetics;;;;1;25000;8000;17000;1563;2023;https://en.wikipedia.org/wiki/Caucasus_hunter-gatherer;https://upload.wikimedia.org/wikipedia/commons/thumb/1/19/Kaukasus.jpg/1920px-Kaukasus.jpg;;
Eastern Hunter-Gatherers (EHG) ;(9%-75% ANE);-23000;-5000;;;;;;;Event;Archaeogenetics;;;;1;25000;7000;18000;1563;2023;https://en.wikipedia.org/wiki/Eastern_Hunter-Gatherer;;;
;Ancient north Eurasians (ANE) (Mal'ta—Buret' culture);-22000;-13000;;;;;;;Event;Archaeogenetics;;;;;24000;15000;9000;1501;2023;;;;
Mal'ta boy;;-22000;;;;Siberia;;;;Event;Archaeogenetics;;;;;24000;;;1501;2023;;;;
Western Hunter-Gatherers (WHG);;-22000;-6000;;;;;Europe;;Event;Archaeogenetics;;;;1;24000;8000;16000;1501;2023;https://en.wikipedia.org/wiki/Western_Hunter-Gatherer;https://upload.wikimedia.org/wikipedia/commons/thumb/8/8b/Cheddar_Man_upper_body.JPG/1280px-Cheddar_Man_upper_body.JPG;;
;Domestication of dog from gray wolf (Canis lupus) in Siberia (by ANE);-21000;;;;Siberia;;;;Event;Archaeogenetics;;;;;23000;;;1438;2023;;;;
;Settlement of the Americas;-18000;-12000;;;;;Americas;;Event;Archaeogenetics;;;;;20000;14000;6000;1251;2023;;;;
Scandinavian Hunter-Gatherers (SHG);Mix of WHG and EHG (81% WHG and 19% ANE);-15000;-3000;;;Scandinavia;;;;Event;Archaeogenetics;;;;1;17000;5000;12000;1063;2023;https://en.wikipedia.org/wiki/Scandinavian_Hunter-Gatherer;;;
Late Glacial Interstadial;Pronounced warming at the end of the Last Glacial Maximum;-12670;-10890;;;;;;;Climate;;;;;;14600;12900;1780;816;2023;https://en.wikipedia.org/wiki/Late_Glacial_Interstadial;https://upload.wikimedia.org/wikipedia/commons/5/50/Evolution_of_temperature_in_the_Post-Glacial_period_according_to_Greenland_ice_cores_%28B%C3%B8lling-Aller%C3%B8d%29.jpg;;
African Humid Period;Sahara was covered by grasses, trees, and lakes;-12500;-3500;;;Sahara;;;;Event;Archaeogenetics;;;;;14500;5500;9000;806;2023;https://en.wikipedia.org/wiki/African_humid_period;https://i0.wp.com/thinkafrica.net/wp-content/uploads/2021/02/africa-9000-5000-bp-1-location-of-lakes-and-rivers.png?resize=1832%2C2048&ssl=1;;
;Rice cultivated in the Yangtze River basin;-11500;-6200;;;China;;;;Event;Archaeogenetics;;;1;;13500;8200;;751;2023;;;;
;Domestication of cats in Mesopotamia;-10000;-8000;;;Mesopotamia;;;;Event;Archaeogenetics;;;1;;12000;10000;;667;2023;;;;
Swastika appears;;-10000;;;;Ukraine;;;;Event;;;;;;12000;;;667;2023;https://en.wikipedia.org/wiki/Swastika#:~:text=swastika%20is%20from-,10%2C000%20BCE,-%E2%80%93%20part%20of%20%22an;;;
;"Göbekli Tepe (""Potbelly Hill""): first megalithic structures; found in southeastern Anatolia";-9500;-8500;;;Southeastern Anatolia;;;;Event;;;;1;;11500;10500;;640;2023;;;;
;Wheat and other founder crops cultivated: the start of agriculture in western Eurasia;-9500;;;;Levant;;;;Event;;;;;;11500;;;640;2023;;;;
;Agriculture begins in South America;-9000;;;;;;South America;;Event;;;;;;11000;;;612;2023;;;;
;Sheep are domesticated in the Levant;-9000;-7000;;;Levant;;;;Event;;;;1;;11000;9000;;612;2023;;;;
;Cattle are cultivated;-8500;;;;Iran, Pakistan;;;;Event;;;;;;10500;;;584;2023;;;;
;Wild boar are domesticated (pigs);-8500;;;;;;Eurasia;;Event;;;;;;10500;;;584;2023;;;;
;Potato, llamas, beans, etc. domesticated in the Andes;-8000;-5000;;;Andes;;;;Event;;;;1;;10000;7000;;556;2023;;;;
Archaic Maya;;-8000;-2000;;;Mesoamerica;;;;Unit;;;;;;10000;4000;6000;556;2023;https://en.wikipedia.org/wiki/History_of_the_Maya_civilization;;;
;Agriculture introduced in southern Europe;-7000;-3000;;;South Europe;;;;Event;;;;;;9000;5000;4000;501;2023;;;;
;Origin of beekeeping in the Middle East;-7000;;;;Middle East;;;;Event;;;;;;9000;;;501;2023;;;;
;Prehistoric Egypt;-6000;-3000;;;Egypt;;;;Event;;;;;;8000;5000;3000;445;2023;;;;
;Proto Indo-Europeans (Caucasus);-5500;-4500;;;Caucasus;;;;Event;;;;;1;7500;6500;1000;417;2023;;;;
;Tournettes (proto-wheels);-5200;-4700;;;Iran;;;;Event;;;;1;;7200;6700;;401;2023;;;;
;Door for wagon entry constructed (Linear Pottery culture);-5000;;;;Southern Poland;;Europe;;Event;;;;;;7000;;;390;2023;;;;
;"Early European farmers (EEF); Neolithic farmers start spreading throughout Europe";-5000;;;;;;Europe;;Event;;;;;;7000;;;390;2023;;;;
;Agriculture introduced in northwestern Europe;-4500;-1700;;;Northwest Europe;;;;Event;;;;;;6500;3700;2800;362;2023;;;;
;First complex civilization (Sumer);-4500;-1900;;;;;;;Event;;;;;;6500;3900;2600;362;2023;;https://i.imgur.com/kb8PjnH.jpg;;
;Invention of the potter's wheel;-4200;-4000;;;Iraq, Mesopotamia;;;;Event;;;;1;;6200;6000;;345;2023;;;;
Pit-Comb Ware culture (PCC/CCC);;-4200;-2000;;;Northeastern Europe;;Europe;;Event;;;;;;6200;4000;2200;345;2023;https://en.wikipedia.org/wiki/Comb_Ceramic_culture;https://upload.wikimedia.org/wikipedia/commons/1/1d/Comb_Ceramic_Culture.jpg;;
;Domestication of horses in Eurasian steppes by Indo-Europeans;-4000;;;;Pontic-Caspian steppe;;;;Event;;;;;;6000;;;301;2023;;;;
Western Steppe Herders (WSH);;-4000;-1000;;;;;Eurasia;;Event;;;;;;6000;3000;3000;301;2023;https://en.wikipedia.org/wiki/Western_Steppe_Herders;https://upload.wikimedia.org/wikipedia/commons/5/5a/IE_expansion.png;;
;Depictions of wheeled wagons in Uruk in Sumer;-3500;-3350;;Uruk;;;;;Event;;;;1;;5500;5300;;276;2023;;;;
;Writing invented by Sumerians (beginning of recorded history);-3400;;;;;;;;Event;;;;; ;5400;;;271;2023;;;;
;Indus Valley civilization (IVC);-3300;-1100;;;South Asia;;Asia;;Event;;;;;;5300;3100;2200;266;2023;;;;
;Yamnaya culture (EHG + CHG) in Eastern Europe and Caucasus;-3300;-2600;;;;;;;Event;;;;;;5300;4600;700;266;2023;;;;
;Ljubljana Marshes Wheel — oldest wooden wheel discovered;-3130;;;;Slovenia;;Europe;;Event;;;;;;5100;;;257;2023;;;;
;Ancient Egypt;-3100;-30;;;Egypt;;Africa;;Unit;;;;;;5100;2000;3070;256;2023;;;;
First lute;;-3100;;;;;;;;Event;;;;;;5100;;;256;2023;https://en.wikipedia.org/wiki/Lute#First_lutes:~:text=back%20to%20c.-,3100%20BC,-.%5B9%5D;;;
;Camels are domesticated;-3000;;;;;;;;Event;;;;;;5000;;;251;2023;;;;
;Corded Ware culture;-3000;-2350;;;;;;;Event;;;;;;5000;4300;650;251;2023;;;;
;Stonehenge is built;-3000;-2000;;;Great Britain;;Europe;;Event;;;;1;;5000;4000;;251;2023;;;;
;Bell Beaker culture (invasion of Chalcolithic Britain);-2800;-1800;;;;;;;Event;;;;;;4800;3800;1000;241;2023;;;;
;Minoan Greece;-2700;-1450;;;Greece;;Europe;;Unit;;;;;;4700;3400;1250;236;2023;;https://i.imgur.com/1xhMsws.jpg ;;
;Old Kingdom of Egypt;-2700;-2200;;;Egypt;;Africa;;Unit;;;;;;4700;4200;500;236;2023;;;;
;Sumerians invent the abacus for addition and subtraction;-2700;-2300;;;Mesopotamia;;Asia;;Event;;;;1;;4700;4300;;236;2023;;;;
;Great Pyramid of Giza constructed;-2570;;;;Egypt;;Africa;;Event;;;;;;4500;;;229;2023;;;;
;Phoenician civilization (Lebanon, Levant);-2500;-64;;;;;;;Unit;;;;;;4500;2000;2436;226;2023;;;;
Sargon of Akkad (reign);;-2334;-2279;;;;;;;Person;History;;;;;4300;4300;55;217;2023;https://en.wikipedia.org/wiki/Sargon_of_Akkad;https://upload.wikimedia.org/wikipedia/commons/3/3a/Sargon_of_Akkad_%281936%29.jpg;;
Akkadian Empire;;-2334;-2154;;;Mesopotamia;;Asia;;Unit;History;;;;;4300;4100;180;217;2023;https://en.wikipedia.org/wiki/Akkadian_Empire;https://upload.wikimedia.org/wikipedia/commons/thumb/3/37/Empire_akkad.svg/1920px-Empire_akkad.svg.png;;
Epic of Gilgamesh;Epic of Gilgamesh is written by the Sumerians;-2100;-1800;;;;;;;Event;History;;;1;;4100;3800;;206;2023;;;;
Assyria;;-2025;-609;;;Near East;;Asia;;Unit;History;;;;;4000;2600;1416;202;2023;https://en.wikipedia.org/wiki/Assyria;https://upload.wikimedia.org/wikipedia/commons/e/ed/Assyrie_general.PNG;;
;Indo-Iranians (Aryans);-2000;;;;;;;;Event;History;;;;;4000;;;201;2023;;;;
Preclassic Maya;;-2000;250;;;Mesoamerica;;;;Unit;History;;;;;4000;1700;2250;201;2023;https://en.wikipedia.org/wiki/Preclassic_Maya;;;
Babylonian Empire;;-1894;-539;;;;;;;Unit;History;;;;;3900;2500;1355;195;2023;;;;
Code of Hamurabi;;-1750;;;;Babylon;;Asia;;Event;History;;;;;3700;;;188;2023;https://en.wikipedia.org/wiki/Code_of_Hammurabi;https://upload.wikimedia.org/wikipedia/commons/6/64/P1050763_Louvre_code_Hammurabi_face_rwk.JPG;;
;Last mammoth dies on Wrangel island (Russia);-1700;;;;;;;;Event;History;;;;;3700;;;186;2023;;;;
;Mycenaean Greece;-1600;-1100;;;;;;;Unit;History;;;;;3600;3100;500;181;2023;;;;
;Aryan invasion of India;-1500;;;;;;;;Event;History;;;;;3500;;;176;2023;;;;
Earliest form of musical notation;;-1400;;;;Iraq;;Asia;;Event;History;;;;;3400;;;171;2023;https://en.wikipedia.org/wiki/Musical_notation#:~:text=)%2C%20in%20about-,1400%20BCE,-.%20The%20tablet%20represents;;;
;Burning of Troy VII (likely inspired stories about the Trojan War) in Marmara (western Anatolia);-1200;-1100;;;Western Anatolia;;Asia;;Event;History;;;1;;3200;3100;;161;2023;;;;
;Earliest record of a people by the name of Israel (Egyptian texts);-1200;;;;;;;;Event;History;;;;;3200;;;161;2023;;;;
;Hallstat culture (Celtic expansion);-1200;-500;;;Central Europe;;Europe;;Event;History;;;;;3200;2500;700;161;2023;;;;
;Late Bronze Age collapse;-1200;-1150;;;Mediterranean;;Europe, Africa;;Event;History;;;;;3200;3100;50;161;2023;;;;
;Greek Dark Ages;-1100;-700;;;Greece;;Europe;;Event;History;;;;;3100;2700;400;156;2023;;;;
Kingdom of Judah (south);;-930;-587;;;Israel;Levant;Asia;;Unit;History;;;;;2900;2600;343;147;2023;https://en.wikipedia.org/wiki/Kingdom_of_Judah;https://upload.wikimedia.org/wikipedia/commons/thumb/b/bd/Kingdoms_of_Israel_and_Judah_map_830.svg/1920px-Kingdoms_of_Israel_and_Judah_map_830.svg.png;;
Neo-Assyrian Empire;;-911;-609;;;Near East;;Asia;;Unit;History;;;;;2900;2600;302;146;2023;https://en.wikipedia.org/wiki/Neo-Assyrian_Empire;https://upload.wikimedia.org/wikipedia/commons/thumb/c/c1/Map_of_Assyria.png/1920px-Map_of_Assyria.png;;
Homer;;-900;-700;;;Greece;;Europe;;Event;History;;;1;;2900;2700;;146;2023;;;;
;Kingdom of Israel (north);-900;-720;;;;;;;Unit;History;;;;;2900;2700;180;146;2023;;;;
Ancient Carthage;Phoenicians found Carthage;-814;-146;;;Tunisia;;Africa;;Unit;History;;;;;2837;2169;668;141;2023;https://en.wikipedia.org/wiki/Ancient_Carthage#:~:text=c.-,814%20BC%E2%80%93146%20BC,-Supposed%20military%20standard ;;;
;Archaic Greece;-800;-480;;;Greece;;Europe;;Unit;History;;;;;2823;2503;320;141;2023;;;;
Ancient Olympic Games;;-776;393;;;Greece;;Europe;;Event;History;;;;;2799;1630;1169;139;2023;https://en.wikipedia.org/wiki/Ancient_Olympic_Games;https://upload.wikimedia.org/wikipedia/commons/8/85/GR-olympia-palaestra.jpg;;
;The founding of Rome (kingdom);-753;;;;Rome;;Europe;;Event;History;;;;;2776;;;138;2023;;;;
Independent Carthage;Carthaginians become independent from Tyre (Phoenicians);-650;-146;;;Tunisia;;Africa;;Unit;History;;;;;2673;2169;504;133;2023;https://en.wikipedia.org/wiki/Ancient_Carthage#:~:text=c.-,650%20BC,-%E2%80%A2%C2%A0Destroyed%20by ;;;
Zoroastrianism;Zoroastrianism (in recorded history)—first monotheistic religion (Persia);-600;350;;;Persia;;Asia;;Religion;History;;;;;2623;1673;950;131;2023;;;;
;Exiled Judahites under Babylonian captivity begin developing monotheistic Yahwism;-600;-400;;;;;;;Event;History;;;;;2623;2423;200;131;2023;;;;
Pythagoras;;-570;-495;;;Greece;;Europe;;Person;History;;;;;2593;2518;75;129;2023;;;;
Buddha;;-563;-483;;;Nepal;;Asia;;Person;History;;;;;2586;2506;80;129;2023;;;;
Sun Tzu;;-554;-496;;;China;;Asia;;Person;History;;;;;2577;2519;58;128;2023;;;;
Confucius;;-551;-479;;;Shandong;;Asia;;Person;History;;;;;2574;2502;72;128;2023;;;;
;Achaemenid Empire (First Persian Empire);-550;-330;;;Persia;;Asia;;Unit;History;;;;;2573;2353;220;128;2023;;;;
;Establishment of the Roman Republic by overthrowing the Kingdom;-509;-27;;;Rome;;Europe;;Unit;History;;;;;2532;2050;482;126;2023;;;;
;Greco-Persian Wars;-499;-449;;;Greece;;Europe;;Event;History;;;;;2522;2472;50;126;2023;;;;
;Classical Greece;-480;-300;;;Greece;;Europe;;Unit;History;;;;;2503;2323;180;125;2023;;;;
;Socrates;-470;-399;;;Greece;;Europe;;Person;History;;;;;2493;2422;71;124;2023;;;;
;First and Second Peloponnesian Wars (incl. peaceful interperiod);-460;-404;;;Greece;;Europe;;Event;History;;;;;2483;2427;56;124;2023;;;;
Plato;;-428;-348;;;Greece;;Europe;;Person;History;;;;;2451;2371;80;122;2023;;;;
Aristotle;;-384;-322;;;Greece;;Europe;;Person;History;;;;;2407;2345;62;120;2023;;;;
;Alexander the Great (Macedonian Kingdom stretches all the way to India);-356;-323;;;Ancient Macedonia;;Europe;;Person;History;;;;;2379;2346;33;118;2023;;;;
;Alexander the Great conquers the Achaemenid Empire;-330;;;;Persia;;Asia;;Event;History;;;;;2353;;;117;2023;;;;
;Hellenistic Greece;-323;-31;;;Greece;;Europe;;Unit;History;;;;;2346;2054;292;117;2023;;;;
;Punic Wars (Rome v. Carthage);-264;-146;;;Mediterranean;;Europe, Africa;;Event;History;;;;;2287;2169;118;114;2023;;;;
Parthian Empire;;-247;224;;;Near East;;Asia;;Unit;History;;;;;2270;1799;471;113;2023;https://en.wikipedia.org/wiki/Parthian_Empire;https://upload.wikimedia.org/wikipedia/commons/thumb/5/5d/Map_of_the_Parthian_Empire_under_Mithridates_II.svg/1920px-Map_of_the_Parthian_Empire_under_Mithridates_II.svg.png;;
;Qin dynasty (beginning of Imperial China);-221;-206;;;China;;Asia;;Unit;History;;;;;2244;2229;15;112;2023;;;;
Construction of the Great Wall of China;;-220;1878;;;China;;Asia;;Event;History;;;;;2243;145;2098;112;2023;https://www.travelchinaguide.com/china_great_wall/facts/when-built.htm;https://upload.wikimedia.org/wikipedia/commons/thumb/2/23/The_Great_Wall_of_China_at_Jinshanling-edit.jpg/1920px-The_Great_Wall_of_China_at_Jinshanling-edit.jpg;;
;Han dynasty;-206;220;;;China;;Asia;;Unit;History;;;;;2229;1803;426;111;2023;;;;
Silk Road;;-114;1450;;;;;Eurasia;;Trade;History;;;;;2137;573;1564;106;2023;https://en.wikipedia.org/wiki/Silk_Road;https://upload.wikimedia.org/wikipedia/commons/thumb/b/bf/SeidenstrasseGMT.JPG/1920px-SeidenstrasseGMT.JPG;;
Julius Caesar;Julius Caesar is born;-100;-44;;;Rome;;Europe;;Person;History;;;;;2123;2067;56;106;2023;;;;
;Eruption of Mount Vesuvius (destruction of Pompeii and one of largest European eruptions in recorded history);-79;;;;Pompeii;;Europe;;Event;History;;;;;2102;;;105;2023;;;;
;Cleopatra;-69;-30;;;Egypt;;Africa;;Person;History;;;;;2092;2053;39;104;2023;;;;
;Siege of Jerusalem (conquest of Judea by Pompey the Great);-63;;;;Jerusalem;;Asia;;Event;History;;;;;2086;;;104;2023;;;;
;First Triumvirate;-59;-53;;;Mediterranean;;Europe, Africa;;Event;History;;;;;2082;2076;6;104;2023;;;;
;"Gallic Wars (Caesar conquers Celtic Gaul and invades Britain; possibly 1 million Gauls killed)";-58;-50;;;France and Great Britain;;Europe;;Event;History;;;;;2081;2073;8;104;2023;;;;
;Caesar's two invasions of Celtic Britain;-55;-54;;;Great Britain;;Europe;;Event;History;;;;;2078;2077;1;103;2023;;;;
;Cleopatra's reign;-51;-30;;;Egypt;;Africa;;Event;History;;;;;2074;2053;21;103;2023;;;;
;Caesar crosses Rubicon;-49;;;;Northeastern Italy;;Europe;;Event;History;;;;;2072;;;103;2023;;;;
;Caesar conquers Rome;-46;;;;Rome;;Europe;;Event;History;;;;;2069;;;103;2023;;;;
Julian calendar;;-46;2023;;;Roman Empire;;Europe;;Event;History;;;;;2069;0;2069;103;2023;https://en.wikipedia.org/wiki/Julian_calendar;;;
;Caesar is assassinated;-44;;;;Rome;;Europe;;Event;History;;;;;2067;;;103;2023;;;;
Roman Empire;Establishment of the Roman Empire by Augustus (Caesar's great-nephew): the beginning of Pax Romana (27 BCE);-27;476;;;Roman Empire;;Europe;;Unit;History;;;;;2050;1547;503;102;2023;;;;
Christianity;"Common era (""Christ's birth""; origin of Christianity)";0;2023;;;Judea;;Asia;;Religion;History;;;;;2023;0;2023;101;2023;;;;
Nero (reign);Emperor Nero's reign;54;68;;;Roman Empire;;Europe;;Event;History;;;;;1969;1955;14;98;2023;;;;
Catholicism;The Roman Catholic Church—tracing back from St Linus;54;2023;;;;;;;Religion;History;;;;;1969;0;1969;98;2023;https://en.wikipedia.org/wiki/History_of_the_Catholic_Church;https://upload.wikimedia.org/wikipedia/commons/thumb/2/2c/Basilica_Sancti_Petri_blue_hourl_-_Retouch.jpg/2880px-Basilica_Sancti_Petri_blue_hourl_-_Retouch.jpg;;
;Boudica's armed uprising against the Roman Empire;60;61;;;Great Britain;;Europe;;Event;History;;;1;;1963;1962;;98;2023;;;;
;Siege of Jerusalem (Jews expelled by general Titus);70;;;;Jerusalem;;Asia;;Event;History;;;;;1953;;;97;2023;;;;
;Colosseum constructed during Titus' reign (79-81) after 8 years;80;;;;Rome;;Europe;;Event;History;;;;;1943;;;97;2023;;;;
;"Antonine Plague (5-10 million die; 10% of Roman Empire)";160;180;;;Roman Empire;;Europe;;Event;History;;;;;1863;1843;20;93;2023;;;;
;Marcus Aurelius' reign: the end of Pax Romana (180 CE);161;180;;;Roman Empire;;Europe;;Event;History;;;;;1862;1843;19;93;2023;;;;
;Crisis of the Third Century (political instability in Rome almost causes it to collapse);235;284;;;Roman Empire;;Europe;;Event;History;;;;;1788;1739;49;89;2023;;;;
Classic Maya;;250;950;;;Mesoamerica;;;;Unit;History;;;;;1773;1073;700;88;2023;https://en.wikipedia.org/wiki/History_of_the_Maya_civilization#Classic_period_(c._250%E2%80%93950_AD):~:text=Preclassic.%5B27%5D-,Classic%20period%20(c.%20250%E2%80%93950%20AD),-%5Bedit%5D;https://upload.wikimedia.org/wikipedia/commons/thumb/5/51/Chichen_Itza_3.jpg/1920px-Chichen_Itza_3.jpg;;
;Diocletian introduces the Tetrarchy (officially in 293) begins dividing the Empire;286;;;;Roman Empire;;Europe;;Event;History;;;;;1737;;;86;2023;;;;
;Constantine the Great converts to Christianity 6 years after becoming emperor;312;;;;Roman Empire;;Europe;;Event;History;;;;;1711;;;85;2023;;;;
;The Great [Barbarian] Migration (into the Roman Empire);375;568;;;Roman Empire;;Europe;;Event;History;;;;;1648;1455;193;82;2023;;;;
;Theodosius I dies as the last Roman Emperor to rule over a unified empire (Western/Eastern);395;;;;Roman Empire;;Europe;;Event;History;;;;;1628;;;81;2023;;;;
Byzantine Empire;;395;1453;;;;;Europe, Asia;;Unit;History;;;;;1628;570;1058;81;2023;https://en.wikipedia.org/wiki/Byzantine_Empire;;;
Attila the Hun;Attila the Hun (led the Huns to pillage and invade the Roman Empire);406;453;;;;;Europe;;Person;History;;;;;1617;1570;47;80;2023;;;;
;The Sack of Rome (by the Visigoths);410;;;;Rome;;Europe;;Event;History;;;;;1613;;;80;2023;;;;
Anglo-Saxon settlement of Britain;;410;1066;;;Great Britain;;Europe;;Event;History;;;;;1613;957;656;80;2023;https://en.wikipedia.org/wiki/Anglo-Saxon_settlement_of_Britain;https://upload.wikimedia.org/wikipedia/commons/thumb/b/b6/End.of.Roman.rule.in.Britain.383.410.jpg/1920px-End.of.Roman.rule.in.Britain.383.410.jpg;;
;Fall of the Western Roman Empire (Odoacer deposes Romulus Augustulus);476;;;;Rome;;Europe;;Event;History;;;;;1547;;;77;2023;;;;
;Julius Nepos assassinated (last Western Roman Emperor);480;;;;Dalmatia;;Europe;;Event;History;;;;;1543;;;77;2023;;;;
Francia;;481;843;;;France;;Europe;;Unit;History;;;;;1542;1180;362;77;2023;https://en.wikipedia.org/wiki/Francia;https://upload.wikimedia.org/wikipedia/commons/2/23/Franks_expansion.gif;;
Medieval music;;500;1400;;;;;Europe;;Period;History;;;;;1523;623;900;76;2023;;;;
;Volcanic winter of 536 (severe and protracted episode of climatic cooling in the Northern Hemisphere);536;;;;;;;;Event;History;;;;;1487;;;74;2023;;;;
;First plague pandemic (Yersinia pestis) — possibly kills 100 million Europeans and half of the world population;541;767;;;;;;;Event;History;;;;;1482;1256;226;74;2023;;;;
;The Plague of Justinian (outbreak of the First plague pandemic) kills 30-50 million people;541;549;;;Mediterranean;;;;Event;History;;;;;1482;1474;8;74;2023;;;;
;Justinian formally dissolves Western imperial court;554;;;;;;Europe;;Event;History;;;;;1469;;;73;2023;;;;
Prophet Muhammad;;570;632;;;Saudi Arabia;;Asia;;Person;History;;;;;1453;1391;62;72;2023;https://en.wikipedia.org/wiki/Muhammad;;;
Islam;;610;2023;;;Saudi Arabia;;Asia;;Religion;History;;;;;1413;0;1413;70;2023;https://en.wikipedia.org/wiki/History_of_Islam;;;
Carolingian dynasty;;613;1122;;;Europe;;Europe;;Family;History;;;;;1410;901;509;70;2023;https://en.wikipedia.org/wiki/Carolingian_dynasty;https://upload.wikimedia.org/wikipedia/commons/thumb/d/d6/Charlemagne_autograph.svg/1920px-Charlemagne_autograph.svg.png;;
Shia and Sunni Islam;;632;2023;;;;;;;Religion;History;;;;;1391;0;1391;69;2023;https://en.wikipedia.org/wiki/Origin_of_Shia_Islam;;;
Umayyad Caliphate;;661;750;;;;;;;Unit;History;;;;;1362;1273;89;68;2023;https://en.wikipedia.org/wiki/Umayyad_Caliphate;https://upload.wikimedia.org/wikipedia/commons/thumb/b/b1/Umayyad_Caliphate_750_AD_%28orthographic_projection%29.svg/1920px-Umayyad_Caliphate_750_AD_%28orthographic_projection%29.svg.png;;
Charles Martel;;676;741;;;Belgium;;Europe;;Person;History;;;;;1347;1282;65;67;2023;https://en.wikipedia.org/wiki/Charles_Martel;https://upload.wikimedia.org/wikipedia/commons/f/f2/Charles_Martel_01.jpg;;
Settlement of Madagascar;Humans (Asian settlers) reach Madagascar;700;;;;Madagascar;;Africa;;Event;History;;;;;1323;;;66;2023;https://www.britannica.com/place/Madagascar/History#:~:text=reached%20Madagascar%20about-,700%20CE,-.%20Although%20the%20huge;https://upload.wikimedia.org/wikipedia/commons/thumb/2/27/Spreading_homo_sapiens_la.svg/2880px-Spreading_homo_sapiens_la.svg.png;;
Umayyad conquest of Iberia (Hispania);;711;718;;;Iberia;;Europe;;Event;History;;;;;1312;1305;7;65;2023;https://en.wikipedia.org/wiki/Umayyad_conquest_of_Hispania;https://upload.wikimedia.org/wikipedia/commons/thumb/3/34/El_rey_Don_Rodrigo_arengando_a_sus_tropas_en_la_batalla_de_Guadalete_%28Museo_del_Prado%29.jpg/1920px-El_rey_Don_Rodrigo_arengando_a_sus_tropas_en_la_batalla_de_Guadalete_%28Museo_del_Prado%29.jpg;;
Al-Andalus;;711;1492;;;;;;;Unit;History;;;;;1312;531;781;65;2023;https://en.wikipedia.org/wiki/Al-Andalus;https://upload.wikimedia.org/wikipedia/commons/thumb/8/89/Al-Andalus732.svg/1920px-Al-Andalus732.svg.png;;
Reconquista;;718;1492;;;Iberia;;Europe;;Event;History;;;;;1305;531;774;65;2023;;;;
Charlemagne;;747;814;;;Germany;;Europe;;Person;History;;;;;1276;1209;67;63;2023;https://en.wikipedia.org/wiki/Charlemagne;https://upload.wikimedia.org/wikipedia/commons/thumb/b/b5/Aachen_Domschatz_Bueste1.jpg/1920px-Aachen_Domschatz_Bueste1.jpg;;
Islamic Golden Age;;789;1258;;;Middle East;;Asia;;Period;History;;;;;1234;765;469;61;2023;https://en.wikipedia.org/wiki/Islamic_Golden_Age;https://upload.wikimedia.org/wikipedia/commons/2/2a/Astrolabe_planisf%C3%A9rique_closeup800x600x300.jpg;;
Khmer Empire;;802;1431;;;Southeast Asia;;Asia;;Unit;History;;;;;1221;592;629;61;2023;https://en.wikipedia.org/wiki/Khmer_Empire;https://upload.wikimedia.org/wikipedia/commons/thumb/3/30/Khmer_Empire_Expansion_%28cropped1%29.png/1920px-Khmer_Empire_Expansion_%28cropped1%29.png;;
Cyril and Methodius;Baptized the Slavs;826;885;;;Byzantine Empire;;Europe, Asia;;Person;History;;;;;1197;1138;59;59;2023;https://en.wikipedia.org/wiki/Cyril_and_Methodius;https://upload.wikimedia.org/wikipedia/commons/7/75/Sv_Kiril_Metodij_Zahari_Zograf_Trojanski_mon_1848.jpg;;
Kievan Rus';;882;1240;;;Eastern Europe;;Europe;;Unit;History;;;;;1141;783;358;57;2023;https://en.wikipedia.org/wiki/Kievan_Rus%27;https://upload.wikimedia.org/wikipedia/commons/thumb/f/f1/Location_of_Kyivan_Rus.png/1920px-Location_of_Kyivan_Rus.png;;
Oleg of Novgorod (reign);;882;912;;;Eastern Europe;;Europe;;Person;History;;;;;1141;1111;30;57;2023;https://en.wikipedia.org/wiki/Oleg_of_Novgorod;https://upload.wikimedia.org/wikipedia/commons/b/b0/Oleg_of_Novgorod.jpg;;
Postclassic Maya;;950;1539;;;Mesoamerica;;;;Unit;History;;;;;1073;484;589;53;2023;https://en.wikipedia.org/wiki/Maya_civilization#:~:text=Pet%C3%A9n.%5B76%5D-,Postclassic%20period%20(c.%20950%E2%80%931539%20AD),-See%20also%3A;;;
Château de Doué-la-Fontaine;Oldest standing castle in Europe;950;2023;;;France;;Europe;;Event;History;;;;;1073;0;1073;53;2023;https://en.wikipedia.org/wiki/Ch%C3%A2teau_de_Dou%C3%A9-la-Fontaine;https://upload.wikimedia.org/wikipedia/commons/thumb/5/58/W0436-DoueLaFontaine_MoteCarolingienne_63340.JPG/1920px-W0436-DoueLaFontaine_MoteCarolingienne_63340.JPG;;
Song dynasty;;960;1279;;;China;;Asia;;Unit;History;;;;;1063;744;319;53;2023;https://en.wikipedia.org/wiki/Song_dynasty;https://upload.wikimedia.org/wikipedia/commons/thumb/6/69/China_-_Song_Dynasty-en.svg/1920px-China_-_Song_Dynasty-en.svg.png;;
Holy Roman Empire;;962;1806;;;Central Europe;;Europe;;Unit;History;;;;;1061;217;844;53;2023;https://en.wikipedia.org/wiki/Holy_Roman_Empire;https://upload.wikimedia.org/wikipedia/commons/c/c2/HRR.gif;;
Norse Greenland;;985;1500;;;Greenland;;;;Unit;History;;;;;1038;523;515;51;2023;https://en.wikipedia.org/wiki/History_of_Greenland#Norse_Settlement:~:text=settlement.%5B23%5D-,Norse%20failure,-%5Bedit%5D;https://upload.wikimedia.org/wikipedia/commons/thumb/9/97/Hvalsey_Church.jpg/1920px-Hvalsey_Church.jpg;;
L'Anse aux Meadows;First Norse colony in North America;1014;;;;Newfoundland;;North America;;Event;History;;;;;1009;;;50;2023;https://en.wikipedia.org/wiki/L%27Anse_aux_Meadows#:~:text=carbon%20date%20of-,1014,-%2C%5B3%5D;https://upload.wikimedia.org/wikipedia/commons/thumb/7/79/L%27AnseAuxMeadowsModel.jpg/1920px-L%27AnseAuxMeadowsModel.jpg;;
Eastern Orthodox Church;;1054;2023;;;;;Europe;;Religion;History;;;;;969;0;969;48;2023;https://en.wikipedia.org/wiki/Eastern_Orthodox_Church;https://upload.wikimedia.org/wikipedia/commons/thumb/0/05/Church_of_St._George%2C_Istanbul_%28August_2010%29.jpg/1920px-Church_of_St._George%2C_Istanbul_%28August_2010%29.jpg;;
Holy Land crusades (8);;1095;1291;;;Levant;;Asia;;Event;History;;;;;928;732;196;46;2023;https://en.wikipedia.org/wiki/Crusades#:~:text=sea%22.%5B16%5D-,Crusades%20and%20the%20Holy%20Land%2C%201095%E2%80%931291,-See%20also%3A;https://upload.wikimedia.org/wikipedia/commons/f/f5/Combat_deuxi%C3%A8me_croisade.jpg;;
Genghis Khan;;1162;1227;;;Mongolia;;Asia;;Person;History;;;;;861;796;65;43;2023;https://en.wikipedia.org/wiki/Genghis_Khan;https://upload.wikimedia.org/wikipedia/commons/thumb/3/35/YuanEmperorAlbumGenghisPortrait.jpg/440px-YuanEmperorAlbumGenghisPortrait.jpg;;
Mongol Empire;;1206;1368;;;;;Eurasia;;Unit;History;;;;;817;655;162;40;2023;https://en.wikipedia.org/wiki/Mongol_Empire;https://upload.wikimedia.org/wikipedia/commons/b/bc/Mongol_Empire_map_2.gif;;
Golden Horde;;1242;1502;;;Central Asia, Eastern Europe;;Eurasia;;Unit;History;;;;;781;521;260;39;2023;https://en.wikipedia.org/wiki/Golden_Horde;https://upload.wikimedia.org/wikipedia/commons/thumb/7/74/GoldenHorde.png/1920px-GoldenHorde.png;;
Ars cantus mensurabilis;Modern musical notation begins to develop;1250;;Cologne;;Germany;;Europe;;Event;History;;;;;773;;;38;2023;https://en.wikipedia.org/wiki/Musical_notation#:~:text=Ars%20cantus%20mensurabilis;;;
Summer Canon;Earliest known musical composition featuring (six-part) polyphony;1261;;;;England;;Europe;;Event;History;;;;;762;;;38;2023;https://en.wikipedia.org/wiki/Sumer_is_icumen_in;https://upload.wikimedia.org/wikipedia/commons/7/78/Sumer_is_icumen_in_-_Summer_Canon_%28Reading_Rota%29_%28mid_13th_C%29%2C_f.11v_-_BL_Harley_MS_978.jpg;;
Habsburg Monarchy;;1282;1918;;;Central Europe;;Europe;;Family;History;;;;;741;105;636;37;2023;https://en.wikipedia.org/wiki/Habsburg_monarchy;https://upload.wikimedia.org/wikipedia/commons/thumb/5/5c/Habsburg_Hereditary_Lands_%281789%29.svg/1920px-Habsburg_Hereditary_Lands_%281789%29.svg.png;;
The Ottoman Empire;;1299;1922;;;;;Europe, Asia;;Unit;History;;;;;724;101;623;36;2023;https://en.wikipedia.org/wiki/Ottoman_Empire;https://upload.wikimedia.org/wikipedia/commons/thumb/2/2b/OttomanEmpireMain.png/1920px-OttomanEmpireMain.png;;
Renaissance;;1300;1600;;;;;Europe;;Period;History;;;;;723;423;300;36;2023;https://en.wikipedia.org/wiki/Renaissance;https://upload.wikimedia.org/wikipedia/commons/thumb/4/49/%22The_School_of_Athens%22_by_Raffaello_Sanzio_da_Urbino.jpg/1920px-%22The_School_of_Athens%22_by_Raffaello_Sanzio_da_Urbino.jpg;;
;Hundred Years' War (France v. England);1337;1453;;;France, Great Britain, Iberia;;Europe;;Event;History;;;;;686;570;116;34;2023;;;;
Black Death;;1346;1353;;;World;;;;Event;History;;;;;677;670;7;33;2023;https://en.wikipedia.org/wiki/Black_Death;https://upload.wikimedia.org/wikipedia/commons/thumb/4/4e/1346-1353_spread_of_the_Black_Death_in_Europe_map.svg/1920px-1346-1353_spread_of_the_Black_Death_in_Europe_map.svg.png;;
Settlement of New Zealand;Humans (Polynesians) reach New Zealand;1350;;;;New Zealand;;;;Event;History;;;;;673;;;33;2023;https://en.wikipedia.org/wiki/History_of_New_Zealand#:~:text=between%201320%20and-,1350,-CE%2C%20when%20the;https://upload.wikimedia.org/wikipedia/commons/thumb/2/27/Spreading_homo_sapiens_la.svg/2880px-Spreading_homo_sapiens_la.svg.png;;
Ming dynasty;;1368;1644;;;China;;Asia;;Unit;History;;;;;655;379;276;32;2023;https://en.wikipedia.org/wiki/Ming_dynasty;https://upload.wikimedia.org/wikipedia/commons/thumb/b/ba/Ming_Empire_cca_1580_%28en%29.svg/1920px-Ming_Empire_cca_1580_%28en%29.svg.png;;
Renaissance music;;1400;1600;;;;;Europe;;Period;History;;;;;623;423;200;31;2023;;;;
;Joan of Arc;1412;1431;;;Northeastern France;;Europe;;Person;History;;;;;611;592;19;30;2023;;;;
Vlad the Impaler;;1428;1476;;;Romania;;Europe;;Person;History;;;;;595;547;48;29;2023;https://en.wikipedia.org/wiki/Vlad_the_Impaler;https://upload.wikimedia.org/wikipedia/commons/a/af/Vlad_Tepes_002.jpg;;
Inca Empire;;1438;1572;;;;;South America;;Unit;History;;;;;585;451;134;29;2023;https://en.wikipedia.org/wiki/Inca_Empire;https://upload.wikimedia.org/wikipedia/commons/thumb/c/c4/Tawantinsuyu_%28orthographic_projection%29.svg/1920px-Tawantinsuyu_%28orthographic_projection%29.svg.png;;
Vlad the Impaler (reign);"Vlad III; cruel Romanian (Wallachian voivode) ruler known for torturing his foes incl. the Ottomans";1448;1476;;;Romania;;Europe;;Person;History;;;;;575;547;28;28;2023;https://en.wikipedia.org/wiki/Vlad_the_Impaler;https://upload.wikimedia.org/wikipedia/commons/a/af/Vlad_Tepes_002.jpg;;
Christopher Columbus;;1451;1506;;;Spain;;Europe;;Person;History;;;;;572;517;55;28;2023;https://en.wikipedia.org/wiki/Christopher_Columbus;https://upload.wikimedia.org/wikipedia/commons/thumb/c/c2/Portrait_of_a_Man%2C_Said_to_be_Christopher_Columbus.jpg/440px-Portrait_of_a_Man%2C_Said_to_be_Christopher_Columbus.jpg;;
Leonardo da Vinci;;1452;1519;Vinci;;Italy;;Europe;;Person;History;;;;;571;504;67;28;2023;https://en.wikipedia.org/wiki/Leonardo_da_Vinci;https://upload.wikimedia.org/wikipedia/commons/c/cb/Francesco_Melzi_-_Portrait_of_Leonardo.png;;
Fall of Constantinople;;1453;;Istanbul;;Turkey;;;;Event;History;;;;;570;;;28;2023;https://en.wikipedia.org/wiki/Fall_of_Constantinople;https://upload.wikimedia.org/wikipedia/commons/thumb/a/aa/Byz1453.png/1920px-Byz1453.png;;
Vasco da Gama;First European to reach India by sea;1460;1524;;;Portugal;;Europe;;Person;History;;;;;563;499;64;28;2023;https://en.wikipedia.org/wiki/Vasco_da_Gama;https://upload.wikimedia.org/wikipedia/commons/thumb/2/2e/Ignoto_portoghese%2C_ritratto_di_un_cavaliere_dell%27ordine_di_cristo%2C_1525-50_ca._02.jpg/440px-Ignoto_portoghese%2C_ritratto_di_un_cavaliere_dell%27ordine_di_cristo%2C_1525-50_ca._02.jpg;;
;Sengoku period in Japan: social upheaval and near-constant civil war;1467;1590;;;Japan;;Asia;;Event;History;;;;;556;433;123;27;2023;;;;
Niccol? Machiavelli;;1469;1527;Florence;;Italy;;Europe;;Person;History;;;;;554;496;58;27;2023;https://en.wikipedia.org/wiki/Niccol%C3%B2_Machiavelli;https://upload.wikimedia.org/wikipedia/commons/thumb/a/aa/Portrait_of_Niccol%C3%B2_Machiavelli.jpg/1920px-Portrait_of_Niccol%C3%B2_Machiavelli.jpg;;
Nicolaus Copernicus;;1473;1543;;;Thorn;;Europe;;Person;History;;;;;550;480;70;27;2023;https://en.wikipedia.org/wiki/Nicolaus_Copernicus;https://upload.wikimedia.org/wikipedia/commons/f/f2/Nikolaus_Kopernikus.jpg;;
Michelangelo;;1475;1564;;;Capresse;;Europe;;Person;History;;;;;548;459;89;27;2023;https://en.wikipedia.org/wiki/Michelangelo;https://upload.wikimedia.org/wikipedia/commons/thumb/0/02/Michelangelo_Daniele_da_Volterra_%28dettaglio%29.jpg/440px-Michelangelo_Daniele_da_Volterra_%28dettaglio%29.jpg;;
Martin Luther;;1483;1546;;;Eisleben;;Europe;;Person;History;;;;;540;477;63;27;2023;https://en.wikipedia.org/wiki/Martin_Luther;https://upload.wikimedia.org/wikipedia/commons/thumb/9/90/Lucas_Cranach_d.%C3%84._-_Martin_Luther%2C_1528_%28Veste_Coburg%29.jpg/1280px-Lucas_Cranach_d.%C3%84._-_Martin_Luther%2C_1528_%28Veste_Coburg%29.jpg;;
Discovery of America;;1492;;;;;;;;Event;History;;;;;531;;;26;2023;;;;
John Calvin;;1509;1564;;;Noyon;;Europe;;Person;History;;;;;514;459;55;25;2023;https://en.wikipedia.org/wiki/John_Calvin;https://upload.wikimedia.org/wikipedia/commons/thumb/5/58/John_Calvin_Museum_Catharijneconvent_RMCC_s84_cropped.png/440px-John_Calvin_Museum_Catharijneconvent_RMCC_s84_cropped.png;;
Reformation;;1517;1648;;;;;Europe;;Period;History;;;;;506;375;131;25;2023;https://en.wikipedia.org/wiki/Reformation;https://upload.wikimedia.org/wikipedia/commons/4/43/Luther_at_the_Diet_of_Worms.jpg;;
Ninety-five theses;;1517;;;;Germany;;Europe;;Event;History;;;;;506;;;25;2023;https://en.wikipedia.org/wiki/Ninety-five_Theses;https://upload.wikimedia.org/wikipedia/commons/thumb/3/3a/Luther_95_Thesen.png/1920px-Luther_95_Thesen.png;;
Protestantism;;1517;2023;;;;;Europe;;Religion;History;;;;;506;0;506;25;2023;https://en.wikipedia.org/wiki/Protestantism;https://upload.wikimedia.org/wikipedia/commons/thumb/2/2f/Lutherstadt_Wittenberg_09-2016_photo06.jpg/1920px-Lutherstadt_Wittenberg_09-2016_photo06.jpg;;
Magellan expedition;First voyage around the world (Ferdinand Magellan);1519;1522;;;World;;;;Event;History;;;;;504;501;3;25;2023;https://en.wikipedia.org/wiki/Magellan_expedition;https://upload.wikimedia.org/wikipedia/commons/thumb/a/ab/Magellan_Elcano_Circumnavigation-en.svg/1920px-Magellan_Elcano_Circumnavigation-en.svg.png;;
Calvinism;;1519;;;;Switzerland;;Europe;;Religion;History;;;;;504;;;25;2023;https://en.wikipedia.org/wiki/History_of_Calvinism;https://upload.wikimedia.org/wikipedia/commons/0/03/Leading_Theologians_of_the_Middle_Ages.jpg;;
Suleiman the Magnificent (reign);;1520;1566;;;Trabzon;;Europe;;Person;History;;;;;503;457;46;25;2023;https://en.wikipedia.org/wiki/Suleiman_the_Magnificent;https://upload.wikimedia.org/wikipedia/commons/e/e9/EmperorSuleiman.jpg;;
Prussia;;1525;1947;;;Germany, Poland;;Europe;;Unit;History;;;;;498;76;422;24;2023;https://en.wikipedia.org/wiki/Prussia;https://upload.wikimedia.org/wikipedia/commons/thumb/b/bc/Kingdom_of_Prussia_1870.svg/1920px-Kingdom_of_Prussia_1870.svg.png;;
Transatlantic slave trade;;1526;1808;;;World;;;;Period;History;;;;;497;215;282;24;2023;https://en.wikipedia.org/wiki/Atlantic_slave_trade;https://upload.wikimedia.org/wikipedia/commons/thumb/6/69/Marchands_d%27esclaves_de_Gor%C3%A9e-Jacques_Grasset_de_Saint-Sauveur_mg_8526.jpg/1920px-Marchands_d%27esclaves_de_Gor%C3%A9e-Jacques_Grasset_de_Saint-Sauveur_mg_8526.jpg;;
Mughal Empire;;1526;1857;;;;South Asia;Asia;;Unit;History;;;;;497;166;331;24;2023;https://en.wikipedia.org/wiki/Mughal_Empire;https://upload.wikimedia.org/wikipedia/commons/thumb/b/b5/Fatehput_Sikiri_Buland_Darwaza_gate_2010.jpg/2560px-Fatehput_Sikiri_Buland_Darwaza_gate_2010.jpg;;
Siege of Vienna (1529);;1529;;;;Vienna;;Europe;;Event;History;;;;;494;;;24;2023;https://en.wikipedia.org/wiki/Siege_of_Vienna_(1529);https://upload.wikimedia.org/wikipedia/commons/f/f6/Siegeofvienna1529.jpg;;
Anglicanism;;1534;2023;;;England;;Europe;;Religion;History;;;;;489;0;489;24;2023;https://en.wikipedia.org/wiki/Anglicanism;https://upload.wikimedia.org/wikipedia/commons/1/1f/Canterbury-cathedral-wyrdlight.jpg;;
Scientific Revolution;;1543;1687;;;;;Europe;;Period;History;;;;;480;336;144;24;2023;https://en.wikipedia.org/wiki/Scientific_Revolution;https://upload.wikimedia.org/wikipedia/commons/3/3c/Nikolaus_Kopernikus_2.jpg;;
Puritans;;1558;1740;;;Europe, North America;;Europe;;;History;;;;;465;283;182;23;2023;https://en.wikipedia.org/wiki/Puritans#History;https://upload.wikimedia.org/wikipedia/commons/thumb/8/8b/The_Puritan_by_Augustus_Saint-Gaudens_-_Springfield%2C_Massachusetts_-_DSC02513.JPG/1280px-The_Puritan_by_Augustus_Saint-Gaudens_-_Springfield%2C_Massachusetts_-_DSC02513.JPG;;
Galileo Galilei;;1564;1642;;;Pisa;;Europe;;Person;History;;;;;459;381;78;22;2023;https://en.wikipedia.org/wiki/Galileo_Galilei;https://upload.wikimedia.org/wikipedia/commons/thumb/d/d4/Justus_Sustermans_-_Portrait_of_Galileo_Galilei%2C_1636.jpg/440px-Justus_Sustermans_-_Portrait_of_Galileo_Galilei%2C_1636.jpg;;
Polish-Lithuanian Commonwealth;;1569;1795;;;Eastern Europe;;Europe;;Unit;History;;;;;454;228;226;22;2023;https://en.wikipedia.org/wiki/Polish%E2%80%93Lithuanian_Commonwealth;https://upload.wikimedia.org/wikipedia/commons/thumb/1/1f/Rzeczpospolita_1619_-_1621.png/1920px-Rzeczpospolita_1619_-_1621.png;;
Baroque music;;1580;1750;;;;;Europe;;Period;History;;;;;443;273;170;22;2023;https://en.wikipedia.org/wiki/Baroque_music;https://upload.wikimedia.org/wikipedia/commons/5/50/Baschenis_-_Musical_Instruments.jpg;;
Common practice period (music);;1580;1910;;;;;Europe;;Period;History;;;;;443;113;330;22;2023;;;;
Gregorian calendar;;1582;2023;;;;;;;Event;History;;;;;441;0;441;22;2023;https://en.wikipedia.org/wiki/Gregorian_calendar;https://upload.wikimedia.org/wikipedia/commons/5/50/Gregory_XIII.jpg;;
René Descartes;;1596;1650;;;France;;Europe;;Person;History;;;;;427;373;54;21;2023;https://en.wikipedia.org/wiki/Ren%C3%A9_Descartes;https://upload.wikimedia.org/wikipedia/commons/7/73/Frans_Hals_-_Portret_van_Ren%C3%A9_Descartes.jpg;;
Baroque guitar;;1600;1750;;;Europe;;Europe;;Event;History;;;;;423;273;150;21;2023;https://en.wikipedia.org/wiki/Baroque_guitar;https://upload.wikimedia.org/wikipedia/commons/thumb/c/ce/Guitar_MET_DP232758.jpg/1920px-Guitar_MET_DP232758.jpg;;
East India Company;;1600;1874;;;World;;;;Company;History;;;;;423;149;274;21;2023;https://en.wikipedia.org/wiki/East_India_Company;https://upload.wikimedia.org/wikipedia/commons/thumb/c/c0/Flag_of_the_British_East_India_Company_%281801%29.svg/1920px-Flag_of_the_British_East_India_Company_%281801%29.svg.png;;
Edo period;Edo (Tokugawa) period in Japan: military gov. rule, isolationism, growth, peace, art;1603;1867;;;Japan;;Asia;;Period;History;;;;;420;156;264;21;2023;;;;
Discovery of Australia;;1606;;;;;;;;Event;History;;;;;417;;;20;2023;;;;
Thirteen Colonies;;1607;1776;;;United States;;North America;;Unit;History;;;;;416;247;169;20;2023;https://en.wikipedia.org/wiki/Thirteen_Colonies;https://upload.wikimedia.org/wikipedia/commons/thumb/3/38/Map_of_territorial_growth_1775.svg/1920px-Map_of_territorial_growth_1775.svg.png;;
Jamestown;The Jamestown settlement in the Colony of Virginia—first permanent English settlement in the Americas;1607;;;;Virginia;;;;Event;History;;;;;416;;;20;2023;https://en.wikipedia.org/wiki/Jamestown,_Virginia;https://upload.wikimedia.org/wikipedia/commons/thumb/8/81/1639_Jamestown_Church_%282883847775%29.jpg/1920px-1639_Jamestown_Church_%282883847775%29.jpg;The first permanent English settlement in North America is established by the Virginia Company at Jamestown, Virginia. This initiates migration to the colonies.;
American frontier (Wild West);;1607;1912;;;United States;;;;Period;History;;;;;416;111;305;20;2023;https://en.wikipedia.org/wiki/American_frontier;https://upload.wikimedia.org/wikipedia/commons/thumb/7/73/The_Cow_Boy_1888.jpg/1920px-The_Cow_Boy_1888.jpg;;
Mayflower;Pilgrims arrive in Cape Cod and found the Plymouth colony;1620;;;;Cape Cod;;;;Event;History;;;;;403;;;20;2023;https://en.wikipedia.org/wiki/Mayflower;https://upload.wikimedia.org/wikipedia/commons/9/9d/Copyrighted_and_Published_by_A_S_Burbank%2C_The_Mayflower_at_Sea_%28NBY_21340%29.jpg;;
Plymouth Colony;First permanent English colony in New England (Puritans);1620;1691;;;New England;;;;Event;History;;;;;403;332;71;20;2023;https://en.wikipedia.org/wiki/Plymouth_Colony;https://upload.wikimedia.org/wikipedia/commons/0/0c/Plymouth_Colony_seal.png;;
Puritans colonize North America;;1630;;;;North America;;;;Event;History;;;;;393;;;19;2023;https://en.wikipedia.org/wiki/History_of_the_Puritans_in_North_America;https://upload.wikimedia.org/wikipedia/commons/7/78/Statue_of_Roger_Conant.jpg;;
John Locke;;1632;1704;;;Wington;;;;Person;History;;;;;391;319;72;19;2023;https://en.wikipedia.org/wiki/John_Locke;https://upload.wikimedia.org/wikipedia/commons/b/b8/John_Locke.jpg;;
Qing dynasty;;1636;1912;;;China;;Asia;;Unit;History;;;;;387;111;276;19;2023;https://en.wikipedia.org/wiki/Qing_dynasty;https://upload.wikimedia.org/wikipedia/commons/thumb/2/21/Qing_dynasty_in_1760.svg/1920px-Qing_dynasty_in_1760.svg.png;;
Harvard University;Puritans found Harvard 6 years after coming to Boston;1636;2023;Cambridge;Massachussetts;United States;;North America;;Event;History;;;;;387;0;387;19;2023;https://en.wikipedia.org/wiki/Harvard_University;https://upload.wikimedia.org/wikipedia/en/thumb/2/29/Harvard_shield_wreath.svg/1920px-Harvard_shield_wreath.svg.png;;
Isaac Newton;;1643;1727;;;England;;;;Person;History;;;;;380;296;84;19;2023;https://en.wikipedia.org/wiki/Isaac_Newton;https://upload.wikimedia.org/wikipedia/commons/thumb/3/3b/Portrait_of_Sir_Isaac_Newton%2C_1689.jpg/1920px-Portrait_of_Sir_Isaac_Newton%2C_1689.jpg;;
Quakers;;1650;2023;;;England;;;;Religion;History;;;;;373;0;373;18;2023;https://en.wikipedia.org/wiki/Quakers;https://upload.wikimedia.org/wikipedia/commons/6/63/George_Fox.jpg;;
Peter the Great (reign);;1682;1725;;;Russia;;;;Person;History;;;;;341;298;43;17;2023;https://en.wikipedia.org/wiki/Peter_the_Great;https://upload.wikimedia.org/wikipedia/commons/2/23/J.-M._Nattier_%28d%27apr%C3%A8s%29_-_Portrait_de_Pierre_Ier_%28mus%C3%A9e_de_l%E2%80%99Ermitage%29.jpg;;
Age of Enlightenment;;1685;1815;;;Europe;;;;Period;History;;;;;338;208;130;16;2023;https://en.wikipedia.org/wiki/Age_of_Enlightenment;https://upload.wikimedia.org/wikipedia/commons/c/cb/Salon_de_Madame_Geoffrin.jpg;;
Johann Sebastian Bach;;1685;1750;;;Eisenach;;;;Person;History;;;;;338;273;65;16;2023;https://en.wikipedia.org/wiki/Johann_Sebastian_Bach;https://upload.wikimedia.org/wikipedia/commons/6/6a/Johann_Sebastian_Bach.jpg;;
George Frideric Handel;;1685;1759;;;Halle;;;;Person;History;;;;;338;264;74;16;2023;https://en.wikipedia.org/wiki/George_Frideric_Handel;https://upload.wikimedia.org/wikipedia/commons/thumb/f/fa/George_Frideric_Handel_by_Balthasar_Denner.jpg/1920px-George_Frideric_Handel_by_Balthasar_Denner.jpg;;
Voltaire;;1694;1778;;;Paris;;;;Person;History;;;;;329;245;84;16;2023;https://en.wikipedia.org/wiki/Voltaire;https://upload.wikimedia.org/wikipedia/commons/thumb/c/c0/Nicolas_de_Largilli%C3%A8re%2C_Fran%C3%A7ois-Marie_Arouet_dit_Voltaire_adjusted.png/440px-Nicolas_de_Largilli%C3%A8re%2C_Fran%C3%A7ois-Marie_Arouet_dit_Voltaire_adjusted.png;;
Piano;Invented by Bartolomeo Cristofori in Italy around 1700;1700;2023;;;Italy;;;;Event;History;;;;;323;0;323;16;2023;https://en.wikipedia.org/wiki/Piano;https://upload.wikimedia.org/wikipedia/commons/thumb/a/ad/Pianoforte_Cristofori_1720.jpg/1920px-Pianoforte_Cristofori_1720.jpg;;
Saint Petersburg founded;;1703;;;;Saint Petersburg;;;;Event;History;;;;;320;;;16;2023;https://en.wikipedia.org/wiki/Saint_Petersburg#:~:text=Founded-,27%C2%A0May%C2%A01703,-%5B3%5D;https://upload.wikimedia.org/wikipedia/commons/thumb/3/30/Russia_Saint_Petersburg_locator_map.svg/1920px-Russia_Saint_Petersburg_locator_map.svg.png;;
Benjamin Franklin;;1706;1790;Boston;Massachussetts;United States;;North America;;Person;History;;;;;317;233;84;15;2023;https://en.wikipedia.org/wiki/Benjamin_Franklin;https://upload.wikimedia.org/wikipedia/commons/thumb/8/87/Joseph_Siffrein_Duplessis_-_Benjamin_Franklin_-_Google_Art_Project.jpg/1920px-Joseph_Siffrein_Duplessis_-_Benjamin_Franklin_-_Google_Art_Project.jpg;;
Leonhard Euler;;1707;1783;;;Basel;;;;Person;History;;;;;316;240;76;15;2023;https://en.wikipedia.org/wiki/Leonhard_Euler;https://upload.wikimedia.org/wikipedia/commons/thumb/c/c2/Leonhard_Euler_-_edit1.jpg/1920px-Leonhard_Euler_-_edit1.jpg;;
David Hume;;1711;1776;;;Edinburgh;;;;Person;History;;;;;312;247;65;15;2023;https://en.wikipedia.org/wiki/David_Hume;https://upload.wikimedia.org/wikipedia/commons/e/ea/Painting_of_David_Hume.jpg;;
Jean-Jacques Rousseau;;1712;1778;;;Geneva;;;;Person;History;;;;;311;245;66;15;2023;https://en.wikipedia.org/wiki/Jean-Jacques_Rousseau;https://upload.wikimedia.org/wikipedia/commons/thumb/b/b7/Jean-Jacques_Rousseau_%28painted_portrait%29.jpg/440px-Jean-Jacques_Rousseau_%28painted_portrait%29.jpg;;
Freemasonry;;1717;2023;;;World;;;;Event;History;;;;;306;0;306;15;2023;https://en.wikipedia.org/wiki/History_of_Freemasonry;https://upload.wikimedia.org/wikipedia/commons/thumb/a/ac/Square_compasses.svg/1920px-Square_compasses.svg.png;;
Adam Smith;;1723;1790;;;Kirkcaldy;;;;Person;History;;;;;300;233;67;15;2023;https://en.wikipedia.org/wiki/Adam_Smith;https://upload.wikimedia.org/wikipedia/commons/thumb/4/43/Adam_Smith_The_Muir_portrait.jpg/440px-Adam_Smith_The_Muir_portrait.jpg;;
Immanuel Kant;;1724;1804;;;Prussia;;;;Person;History;;;;;299;219;80;14;2023;https://en.wikipedia.org/wiki/Immanuel_Kant;https://upload.wikimedia.org/wikipedia/commons/f/f2/Kant_gemaelde_3.jpg;;
Great Awakening;Religious revivals (4) in American Christian history;1730;1980;;;United States;;;;Event;History;;;;;293;43;250;14;2023;https://en.wikipedia.org/wiki/Great_Awakening;https://upload.wikimedia.org/wikipedia/commons/thumb/1/1b/Golden_Christian_Cross.svg/1920px-Golden_Christian_Cross.svg.png;;
James Watt;;1736;1819;;;Greenrock;;;;Person;History;;;;;287;204;83;14;2023;https://en.wikipedia.org/wiki/James_Watt;https://upload.wikimedia.org/wikipedia/commons/thumb/1/15/Watt_James_von_Breda.jpg/440px-Watt_James_von_Breda.jpg;;
Classical music;;1750;1820;;;Europe;;;;Period;History;;;;;273;203;70;13;2023;;;;
Wolfgang Amadeus Mozart;;1756;1791;;;Salzburg;;;;Person;History;;;;;267;232;35;13;2023;https://en.wikipedia.org/wiki/Wolfgang_Amadeus_Mozart;https://upload.wikimedia.org/wikipedia/commons/4/47/Croce-Mozart-Detail.jpg;;
Rothschild family;;1760;2023;;;Germany;;Europe;;Family;History;;;;;263;0;263;13;2023;https://en.wikipedia.org/wiki/Rothschild_family;https://upload.wikimedia.org/wikipedia/commons/thumb/a/a8/Great_coat_of_arms_of_Rothschild_family.svg/1920px-Great_coat_of_arms_of_Rothschild_family.svg.png;;
Industrial Revolution;;1760;1840;;;West;;;;Period;History;;;;;263;183;80;13;2023;https://en.wikipedia.org/wiki/Industrial_Revolution;https://upload.wikimedia.org/wikipedia/commons/thumb/d/dc/Powerloom_weaving_in_1835.jpg/1920px-Powerloom_weaving_in_1835.jpg;;
Catherine the Great;;1762;1796;;;Russia;;;;Person;History;;;;;261;227;34;13;2023;https://en.wikipedia.org/wiki/Catherine_the_Great;https://upload.wikimedia.org/wikipedia/commons/thumb/0/0d/Portrait_of_Empress_Catherine_II.jpg/1920px-Portrait_of_Empress_Catherine_II.jpg;;
American Revolution;;1765;1791;;;United States;;;;Event;History;;;;;258;232;26;12;2023;https://en.wikipedia.org/wiki/American_Revolution;https://upload.wikimedia.org/wikipedia/commons/thumb/f/f9/Declaration_of_Independence_%281819%29%2C_by_John_Trumbull.jpg/1920px-Declaration_of_Independence_%281819%29%2C_by_John_Trumbull.jpg;;
Napoleon Bonaparte;;1769;1821;;;Ajaccio;;;;Person;History;;;;;254;202;52;12;2023;https://en.wikipedia.org/wiki/Napoleon;https://upload.wikimedia.org/wikipedia/commons/thumb/5/50/Jacques-Louis_David_-_The_Emperor_Napoleon_in_His_Study_at_the_Tuileries_-_Google_Art_Project.jpg/1280px-Jacques-Louis_David_-_The_Emperor_Napoleon_in_His_Study_at_the_Tuileries_-_Google_Art_Project.jpg;;
Ludwig van Beethoven;;1770;1827;;;Bonn;;;;Person;History;;;;;253;196;57;12;2023;https://en.wikipedia.org/wiki/Ludwig_van_Beethoven;https://upload.wikimedia.org/wikipedia/commons/6/6f/Beethoven.jpg;;
David Ricardo;;1772;1823;;;London;;;;Person;History;;;;;251;200;51;12;2023;https://en.wikipedia.org/wiki/David_Ricardo;https://upload.wikimedia.org/wikipedia/commons/d/dc/Portrait_of_David_Ricardo_by_Thomas_Phillips.jpg;;
American Revolutionary War;;1775;1783;;;United States;;;;Event;History;;;;;248;240;8;12;2023;https://en.wikipedia.org/wiki/American_Revolutionary_War;https://upload.wikimedia.org/wikipedia/commons/2/22/Revolutionary_War_%28collage%29.jpg;;
United States Declaration of Independence;;1776;;;;United States;;;;Event;History;;;;;247;;;12;2023;https://en.wikipedia.org/wiki/United_States_Declaration_of_Independence;https://upload.wikimedia.org/wikipedia/commons/thumb/8/8f/United_States_Declaration_of_Independence.jpg/1920px-United_States_Declaration_of_Independence.jpg;;
French Revolution;;1789;1799;;;France;;;;Event;History;;;;;234;224;10;11;2023;https://en.wikipedia.org/wiki/French_Revolution;https://upload.wikimedia.org/wikipedia/commons/thumb/5/57/Anonymous_-_Prise_de_la_Bastille.jpg/1920px-Anonymous_-_Prise_de_la_Bastille.jpg;;
George Washington (in office);;1789;1797;;;United States;;;;Person;History;;;;;234;226;8;11;2023;https://en.wikipedia.org/wiki/George_Washington;https://upload.wikimedia.org/wikipedia/commons/thumb/b/b6/Gilbert_Stuart_Williamstown_Portrait_of_George_Washington.jpg/440px-Gilbert_Stuart_Williamstown_Portrait_of_George_Washington.jpg;;
Jean-François Champollion;Founder of Egyptology and decipherer of Egyptian hieroglyphs;1790;1832;;;France;;;;Person;History;;;;;233;191;42;11;2023;https://en.wikipedia.org/wiki/Jean-Fran%C3%A7ois_Champollion;https://upload.wikimedia.org/wikipedia/commons/thumb/2/21/Jean-Fran%C3%A7ois_Champollion%2C_by_L%C3%A9on_Cogniet.jpg/1920px-Jean-Fran%C3%A7ois_Champollion%2C_by_L%C3%A9on_Cogniet.jpg;;
Haitian Revolution;;1791;1804;;;Haiti;;;;Event;History;;;;;232;219;13;11;2023;https://en.wikipedia.org/wiki/Haitian_Revolution;https://upload.wikimedia.org/wikipedia/commons/thumb/d/dc/Revolucion_Haitiana.png/1920px-Revolucion_Haitiana.png;;
Romantic music;;1800;1910;;;Europe;;;;Period;History;;;;;223;113;110;11;2023;;;;
Thomas Jefferson (in office);;1801;1809;;;United States;;;;Person;History;;;;;222;214;8;11;2023;https://en.wikipedia.org/wiki/Thomas_Jefferson;https://upload.wikimedia.org/wikipedia/commons/b/b1/Official_Presidential_portrait_of_Thomas_Jefferson_%28by_Rembrandt_Peale%2C_1800%29%28cropped%29.jpg;;
Napoleonic France;;1804;1815;;;Europe;;;;Unit;History;;;;;219;208;11;10;2023;https://en.wikipedia.org/wiki/First_French_Empire;https://upload.wikimedia.org/wikipedia/commons/thumb/8/8a/French_Empire_%281812%29.svg/1920px-French_Empire_%281812%29.svg.png;;
Abraham Lincoln;;1809;1865;;;Hodgenville;;;;Person;History;;;;;214;158;56;10;2023;https://en.wikipedia.org/wiki/Abraham_Lincoln;https://upload.wikimedia.org/wikipedia/commons/thumb/a/ab/Abraham_Lincoln_O-77_matte_collodion_print.jpg/1920px-Abraham_Lincoln_O-77_matte_collodion_print.jpg;;
Charles Darwin;;1809;1882;;;Shrewsbury;;;;Person;History;;;;;214;141;73;10;2023;https://en.wikipedia.org/wiki/Charles_Darwin;https://upload.wikimedia.org/wikipedia/commons/thumb/2/2e/Charles_Darwin_seated_crop.jpg/1920px-Charles_Darwin_seated_crop.jpg;;
French invasion of Russia;;1812;;;;Russia;;;;Event;History;;;;;211;;;10;2023;https://en.wikipedia.org/wiki/French_invasion_of_Russia;https://upload.wikimedia.org/wikipedia/commons/5/55/French_invasion_of_Russia_collage.jpg;;
Karl Marx;;1818;1883;;;Trier;;;;Person;History;;;;;205;140;65;10;2023;https://en.wikipedia.org/wiki/Karl_Marx;https://upload.wikimedia.org/wikipedia/commons/d/d4/Karl_Marx_001.jpg;;
Fyodor Dostoevsky;;1821;1881;;;Moscow;;;;Person;History;;;;;202;142;60;10;2023;https://en.wikipedia.org/wiki/Fyodor_Dostoevsky;https://upload.wikimedia.org/wikipedia/commons/thumb/7/78/Vasily_Perov_-_%D0%9F%D0%BE%D1%80%D1%82%D1%80%D0%B5%D1%82_%D0%A4.%D0%9C.%D0%94%D0%BE%D1%81%D1%82%D0%BE%D0%B5%D0%B2%D1%81%D0%BA%D0%BE%D0%B3%D0%BE_-_Google_Art_Project.jpg/1920px-Vasily_Perov_-_%D0%9F%D0%BE%D1%80%D1%82%D1%80%D0%B5%D1%82_%D0%A4.%D0%9C.%D0%94%D0%BE%D1%81%D1%82%D0%BE%D0%B5%D0%B2%D1%81%D0%BA%D0%BE%D0%B3%D0%BE_-_Google_Art_Project.jpg;;
Louis Pasteur;;1822;1895;;;Dole;;;;Person;History;;;;;201;128;73;10;2023;https://en.wikipedia.org/wiki/Louis_Pasteur;https://upload.wikimedia.org/wikipedia/commons/thumb/a/a6/Louis_Pasteur%2C_foto_av_Paul_Nadar%2C_Crisco_edit.jpg/1920px-Louis_Pasteur%2C_foto_av_Paul_Nadar%2C_Crisco_edit.jpg;;
Book of Mormon;The Book of Mormon is published;1830;;;;New York;;;;Event;History;;;;;193;;;9;2023;https://en.wikipedia.org/wiki/Book_of_Mormon;https://upload.wikimedia.org/wikipedia/commons/e/e5/Mormon-book.jpg;;
Victorian era;;1837;1901;;;England;;;;Period;History;;;;;186;122;64;9;2023;https://en.wikipedia.org/wiki/Victorian_era;https://upload.wikimedia.org/wikipedia/commons/thumb/d/de/Queen_Victoria_-_Winterhalter_1859.jpg/1280px-Queen_Victoria_-_Winterhalter_1859.jpg;;
Pyotr Ilyich Tchaikovsky;;1840;1893;;;Votkinsk;;;;Person;History;;;;;183;130;53;9;2023;https://en.wikipedia.org/wiki/Pyotr_Ilyich_Tchaikovsky;https://upload.wikimedia.org/wikipedia/commons/2/20/Tchaikovsky_by_Reutlinger_%28cropped%29.jpg;;
Friedrich Nietzsche;;1844;1900;;;Röcken;;;;Person;History;;;;;179;123;56;8;2023;https://en.wikipedia.org/wiki/Friedrich_Nietzsche;https://upload.wikimedia.org/wikipedia/commons/1/1b/Nietzsche187a.jpg;;
Thomas Edison;;1847;1931;;;Milan, OH;;;;Person;History;;;;;176;92;84;8;2023;https://en.wikipedia.org/wiki/Thomas_Edison;https://upload.wikimedia.org/wikipedia/commons/thumb/9/9d/Thomas_Edison2.jpg/1920px-Thomas_Edison2.jpg;;
First-wave feminism;;1848;1920;;;;;;;Movement;Politics;;;;;175;103;72;8;2023;;;;
Nikola Tesla;;1856;1943;;;Smiljan;;;;Person;History;;;;;167;80;87;8;2023;https://en.wikipedia.org/wiki/Nikola_Tesla;https://upload.wikimedia.org/wikipedia/commons/7/79/Tesla_circa_1890.jpeg;;
Sigmund Freud;;1856;1939;;;Moravia;;;;Person;History;;;;;167;84;83;8;2023;https://en.wikipedia.org/wiki/Sigmund_Freud;https://upload.wikimedia.org/wikipedia/commons/3/36/Sigmund_Freud%2C_by_Max_Halberstadt_%28cropped%29.jpg;;
American Civil War;;1861;1865;;;United States;;;;Event;History;;;;;162;158;4;8;2023;https://en.wikipedia.org/wiki/American_Civil_War;https://upload.wikimedia.org/wikipedia/commons/c/c7/CivilWarUSAColl.png;;
Ku Klux Klan;;1865;2023;;;United States;;;;Organization;History;;;;;158;0;158;7;2023;https://en.wikipedia.org/wiki/Ku_Klux_Klan;https://upload.wikimedia.org/wikipedia/commons/0/0d/KKK_night_rally_in_Chicago_c1920_cph.3b12355.jpg;;
Sun Yat-sen;"""Father of the [Chinese] Nation""";1866;1925;;;Southern China;;;;Person;History;;;;;157;98;59;7;2023;;;;
Austria-Hungary;;1867;1918;;;Central Europe;;;;Unit;History;;;;;156;105;51;7;2023;https://en.wikipedia.org/wiki/Austria-Hungary;https://upload.wikimedia.org/wikipedia/commons/thumb/0/06/Austro-Hungarian_Monarchy_%281914%29.svg/1920px-Austro-Hungarian_Monarchy_%281914%29.svg.png;;
Marie Curie;;1867;1934;;;Warsaw;;;;Person;History;;;;;156;89;67;7;2023;https://en.wikipedia.org/wiki/Marie_Curie;https://upload.wikimedia.org/wikipedia/commons/thumb/c/c8/Marie_Curie_c._1920s.jpg/440px-Marie_Curie_c._1920s.jpg;;
;Meiji Restoration: the return of imperial rule to Japan (Emperor Meiji);1868;;;;Japan;;;;Event;History;;;;;155;;;7;2023;;;;
;Meiji era: rapid industrialization of Japan;1868;1912;;;Japan;;;;Event;History;;;;;155;111;44;7;2023;;;;
Grigori Rasputin;;1869;1916;;;Russia;;;;Person;History;;;;;154;107;47;7;2023;https://en.wikipedia.org/wiki/Grigori_Rasputin;https://upload.wikimedia.org/wikipedia/commons/thumb/7/71/Rasputin_PA.jpg/1920px-Rasputin_PA.jpg;;
Vladimir Lenin;;1870;1924;;;Ulyanovsk;;;;Person;History;;;;;153;99;54;7;2023;https://en.wikipedia.org/wiki/Vladimir_Lenin;https://upload.wikimedia.org/wikipedia/commons/1/17/Vladimir_Lenin.jpg;;
Gilded Age;;1870;1900;;;United States;;;;Period;History;;;;;153;123;30;7;2023;https://en.wikipedia.org/wiki/Gilded_Age;https://upload.wikimedia.org/wikipedia/commons/thumb/9/99/Health_and_pleasure_on_America%27s_greatest_railroad.._%281890%29_%2814574212178%29.jpg/1920px-Health_and_pleasure_on_America%27s_greatest_railroad.._%281890%29_%2814574212178%29.jpg;;
German Empire;;1871;1918;;;Germany;;;;Unit;History;;;;;152;105;47;7;2023;https://en.wikipedia.org/wiki/German_Empire;https://upload.wikimedia.org/wikipedia/commons/thumb/b/ba/German_Empire_1914.svg/1920px-German_Empire_1914.svg.png;;
Joseph Stalin;;1878;1953;;;Georgia;;;;Person;History;;;;;145;70;75;7;2023;https://en.wikipedia.org/wiki/Joseph_Stalin;https://upload.wikimedia.org/wikipedia/commons/4/43/Stalin_Full_Image.jpg;;
Albert Einstein;;1879;1955;;;Ulm;;;;Person;History;;;;;144;68;76;7;2023;https://en.wikipedia.org/wiki/Albert_Einstein;https://upload.wikimedia.org/wikipedia/commons/thumb/3/3e/Einstein_1921_by_F_Schmutzer_-_restoration.jpg/1920px-Einstein_1921_by_F_Schmutzer_-_restoration.jpg;;
Ludwig von Mises;;1881;1973;;;Lemberg;;;;Person;History;;;;;142;50;92;7;2023;https://en.wikipedia.org/wiki/Ludwig_von_Mises;https://upload.wikimedia.org/wikipedia/commons/thumb/f/f0/Ludwig_von_Mises.jpg/1920px-Ludwig_von_Mises.jpg;;
John Mynard Keynes;;1883;1946;;;Cambridge;;;;Person;History;;;;;140;77;63;7;2023;https://en.wikipedia.org/wiki/John_Maynard_Keynes;https://upload.wikimedia.org/wikipedia/commons/0/04/Keynes_1933.jpg;;
Rubber terror;1.5-13 million dead;1885;1908;;;DR Congo;;;;Event;History;;;;;138;115;23;6;2023;https://en.wikipedia.org/wiki/Atrocities_in_the_Congo_Free_State;https://upload.wikimedia.org/wikipedia/commons/5/52/MutilatedChildrenFromCongo.jpg;;
Adolf Hitler;;1889;1945;;;Braunau am Inn;;;;Person;History;;;;;134;78;56;6;2023;https://en.wikipedia.org/wiki/Adolf_Hitler;https://upload.wikimedia.org/wikipedia/commons/e/e1/Hitler_portrait_crop.jpg;;
Modernist music;;1890;1975;;;Europe;;;;Period;History;;;;;133;48;85;6;2023;;;;
Impressionist music;;1890;1930;;;Europe;;;;Period;History;;;;;133;93;40;6;2023;;;;
Summer Olympic Games;;1896;2023;;;World;;;;Event;History;;;;;127;0;127;6;2023;https://en.wikipedia.org/wiki/Summer_Olympic_Games;https://upload.wikimedia.org/wikipedia/commons/thumb/5/5c/Olympic_rings_without_rims.svg/1920px-Olympic_rings_without_rims.svg.png;;
Friedrich Hayek;;1899;1992;;;Vienna;;;;Person;History;;;;;124;31;93;6;2023;https://en.wikipedia.org/wiki/Friedrich_Hayek;https://upload.wikimedia.org/wikipedia/commons/7/7f/Friedrich_Hayek_portrait.jpg;;
Expressionist music;;1900;1930;;;Europe;;;;Period;History;;;;;123;93;30;6;2023;;;;
Theodore Roosevelt (in office);;1901;1909;;;United States;;;;Person;History;;;;;122;114;8;6;2023;https://en.wikipedia.org/wiki/Theodore_Roosevelt;https://upload.wikimedia.org/wikipedia/commons/thumb/6/64/President_Roosevelt_-_Pach_Bros_%28cropped%29.jpg/1920px-President_Roosevelt_-_Pach_Bros_%28cropped%29.jpg;;
Karl Popper;;1902;1994;;;Vienna;;;;Person;History;;;;;121;29;92;6;2023;https://en.wikipedia.org/wiki/Karl_Popper;https://upload.wikimedia.org/wikipedia/commons/4/43/Karl_Popper.jpg;;
Bolsheviks;;1903;1952;;;Russia;;;;Faction;History;;;;;120;71;49;6;2023;https://en.wikipedia.org/wiki/Bolsheviks;https://upload.wikimedia.org/wikipedia/commons/0/00/Presidium_of_the_9th_Congress_of_the_Russian_Communist_Party_%28Bolsheviks%29.jpg;;
Mensheviks;;1903;1921;;;Russia;;;;Faction;History;;;;;120;102;18;6;2023;https://en.wikipedia.org/wiki/Mensheviks;https://upload.wikimedia.org/wikipedia/commons/0/0d/Mensevikii.jpg;;
Ayn Rand;;1905;1982;;;Saint Petersburg;;;;Person;History;;;;;118;41;77;5;2023;https://en.wikipedia.org/wiki/Ayn_Rand;https://upload.wikimedia.org/wikipedia/commons/b/b1/Ayn_Rand_%281943_Talbot_portrait%29.jpg;;
Alan Turing;;1912;1954;;;London;;;;Person;History;;;;;111;69;42;5;2023;https://en.wikipedia.org/wiki/Alan_Turing;https://upload.wikimedia.org/wikipedia/commons/a/a1/Alan_Turing_Aged_16.jpg;;
Milton Friedman;;1912;2006;;;Brooklyn;;;;Person;History;;;;;111;17;94;5;2023;https://en.wikipedia.org/wiki/Milton_Friedman;https://upload.wikimedia.org/wikipedia/commons/thumb/2/20/Portrait_of_Milton_Friedman.jpg/1920px-Portrait_of_Milton_Friedman.jpg;;
Titanic;;1912;;;;World;;;;Event;History;;;;;111;;;5;2023;https://en.wikipedia.org/wiki/Titanic;https://upload.wikimedia.org/wikipedia/commons/thumb/f/fd/RMS_Titanic_3.jpg/1920px-RMS_Titanic_3.jpg;;
Woodrow Wilson (in office);;1913;1921;;;United States;;;;Person;History;;;;;110;102;8;5;2023;https://en.wikipedia.org/wiki/Woodrow_Wilson;https://upload.wikimedia.org/wikipedia/commons/thumb/f/f2/Thomas_Woodrow_Wilson%2C_Harris_%26_Ewing_bw_photo_portrait%2C_1919_%28cropped%29.jpg/1920px-Thomas_Woodrow_Wilson%2C_Harris_%26_Ewing_bw_photo_portrait%2C_1919_%28cropped%29.jpg;;
World War I;;1914;1918;;;Europe;;;;Event;History;;;;;109;105;4;5;2023;https://en.wikipedia.org/wiki/World_War_I;https://upload.wikimedia.org/wikipedia/commons/f/fa/Cheshire_Regiment_trench_Somme_1916.jpg;;
Christmas truce;;1914;;;;;;Europe;;Event;History;;;;;109;;;5;2023;https://en.wikipedia.org/wiki/Christmas_truce;https://upload.wikimedia.org/wikipedia/en/4/42/Illustrated_London_News_-_Christmas_Truce_1914.jpg;;
October Revolution;;1917;;;;Saint Petersburg;;Europe;;Event;History;;;;;106;;;5;2023;https://en.wikipedia.org/wiki/October_Revolution;https://upload.wikimedia.org/wikipedia/commons/b/b4/After_the_capture_of_the_Winter_Palace_26_October_1917.jpg;;
Weimar Republic;;1918;1933;;;Germany;;Europe;;Unit;History;;;;;105;90;15;5;2023;https://en.wikipedia.org/wiki/Weimar_Republic;https://upload.wikimedia.org/wikipedia/commons/thumb/7/7e/Weimar_Republic_1930.svg/1920px-Weimar_Republic_1930.svg.png;;
Spanish flu;;1918;1920;;;World;;;;Event;History;;;;;105;103;2;5;2023;https://en.wikipedia.org/wiki/Spanish_flu;https://upload.wikimedia.org/wikipedia/commons/thumb/2/20/Emergency_hospital_during_Influenza_epidemic%2C_Camp_Funston%2C_Kansas_-_NCP_1603.jpg/1920px-Emergency_hospital_during_Influenza_epidemic%2C_Camp_Funston%2C_Kansas_-_NCP_1603.jpg;;
Yugoslavia;;1918;1992;;;;Balkans;Europe;;Unit;History;;;;;105;31;74;5;2023;https://en.wikipedia.org/wiki/Yugoslavia;https://upload.wikimedia.org/wikipedia/commons/thumb/6/6c/Yugoslavia_location_map.svg/1920px-Yugoslavia_location_map.svg.png;;
Czechoslovakia;;1918;1992;;;;Central Europe;Europe;;Unit;History;;;;;105;31;74;5;2023;https://en.wikipedia.org/wiki/Czechoslovakia;https://upload.wikimedia.org/wikipedia/commons/thumb/7/79/Czechoslovakia_location_map.svg/1920px-Czechoslovakia_location_map.svg.png;;
Treaty of Versailles;;1919;;;;Versailles;;Europe;;Event;History;;;;;104;;;5;2023;https://en.wikipedia.org/wiki/Treaty_of_Versailles;https://upload.wikimedia.org/wikipedia/commons/thumb/b/b8/Treaty_of_Versailles%2C_English_version.jpg/1280px-Treaty_of_Versailles%2C_English_version.jpg;;
Neoclassical music;;1920;1950;;;;;Europe;;Period;History;;;;;103;73;30;5;2023;;;;
League of Nations;;1920;1946;;;World;;;;Organization;History;;;;;103;77;26;5;2023;https://en.wikipedia.org/wiki/League_of_Nations;https://upload.wikimedia.org/wikipedia/commons/c/c0/League_of_Nations_Anachronous_Map.PNG;;
Nazi Party (NSDAP);;1920;1945;;;Germany;;Europe;;Party;History;;;;;103;78;25;5;2023;https://en.wikipedia.org/wiki/Nazi_Party;https://upload.wikimedia.org/wikipedia/commons/thumb/9/92/Parteiadler_Nationalsozialistische_Deutsche_Arbeiterpartei_%281933%E2%80%931945%29.svg/1920px-Parteiadler_Nationalsozialistische_Deutsche_Arbeiterpartei_%281933%E2%80%931945%29.svg.png;;
Roaring Twenties;;1920;1929;;;United States;;;;Period;History;;;;;103;94;9;5;2023;https://en.wikipedia.org/wiki/Roaring_Twenties;https://upload.wikimedia.org/wikipedia/commons/4/41/Baker_Charleston.jpg;;
Prohibition;;1920;1933;;;United States;;;;Event;History;;;;;103;90;13;5;2023;https://en.wikipedia.org/wiki/Prohibition_in_the_United_States;https://upload.wikimedia.org/wikipedia/commons/7/7c/Detroit_police_prohibition1.jpg;;
Soviet Union;;1922;1991;;;Soviet Union;;;;Unit;History;;;;;101;32;69;5;2023;https://en.wikipedia.org/wiki/Soviet_Union;https://upload.wikimedia.org/wikipedia/commons/thumb/7/75/Union_of_Soviet_Socialist_Republics_%28orthographic_projection%29.svg/1920px-Union_of_Soviet_Socialist_Republics_%28orthographic_projection%29.svg.png;;
Benito Mussolini (in office);;1922;1943;;;Italy;;;;Person;History;;;;;101;80;21;5;2023;https://en.wikipedia.org/wiki/Benito_Mussolini;https://upload.wikimedia.org/wikipedia/commons/6/67/Mussolini_biografia.jpg;;
Mustafa Kemal Atatürk (in office);;1923;1938;;;Turkey;;;;Person;History;;;;;100;85;15;5;2023;https://en.wikipedia.org/wiki/Mustafa_Kemal_Atat%C3%BCrk;https://upload.wikimedia.org/wikipedia/commons/c/c0/Atat%C3%BCrk_Smokinli.png;;
Fidel Castro;;1926;2016;;;Cuba;;;;Person;History;;;;;97;7;90;4;2023;https://en.wikipedia.org/wiki/Fidel_Castro;https://upload.wikimedia.org/wikipedia/commons/4/4a/Fidel_Castro_1950s.jpg;;
Che Guevara;;1928;1967;;;Argentina;;;;Person;History;;;;;95;56;39;4;2023;https://en.wikipedia.org/wiki/Che_Guevara;https://upload.wikimedia.org/wikipedia/commons/thumb/5/58/CheHigh.jpg/1920px-CheHigh.jpg;;
Great Depression;;1929;1939;;;World;;;;Event;History;;;;;94;84;10;4;2023;https://en.wikipedia.org/wiki/Great_Depression;https://upload.wikimedia.org/wikipedia/commons/thumb/5/54/Lange-MigrantMother02.jpg/1920px-Lange-MigrantMother02.jpg;;
Wall Street Crash of 1929;;1929;;;;United States;;;;Event;History;;;;;94;;;4;2023;https://en.wikipedia.org/wiki/Wall_Street_Crash_of_1929;https://upload.wikimedia.org/wikipedia/commons/e/e1/Crowd_outside_nyse.jpg;;
Martin Luther King Jr.;;1929;1968;;;Atlanta;;;;Person;History;;;;;94;55;39;4;2023;https://en.wikipedia.org/wiki/Martin_Luther_King_Jr.;https://upload.wikimedia.org/wikipedia/commons/0/05/Martin_Luther_King%2C_Jr..jpg;;
FIFA World Cup;;1930;2023;;;World;;;;Event;History;;;;;93;0;93;4;2023;https://en.wikipedia.org/wiki/FIFA_World_Cup;https://upload.wikimedia.org/wikipedia/commons/thumb/a/a1/FIFA_World_Cup_Trophy_%28Jules_Rimet_Trophy%29_at_National_Football_Museum%2C_Manchester_02.jpg/1920px-FIFA_World_Cup_Trophy_%28Jules_Rimet_Trophy%29_at_National_Football_Museum%2C_Manchester_02.jpg;;
Thomas Sowell;;1930;2023;;;Gastonia;;;;Person;History;;;;;93;0;93;4;2023;https://en.wikipedia.org/wiki/Thomas_Sowell;https://upload.wikimedia.org/wikipedia/commons/thumb/4/44/Thomas_Sowell_cropped.jpg/440px-Thomas_Sowell_cropped.jpg;;
FDR (in office);;1933;1945;;;United States;;;;Person;History;;;;;90;78;12;4;2023;https://en.wikipedia.org/wiki/Franklin_D._Roosevelt;https://upload.wikimedia.org/wikipedia/commons/thumb/4/42/FDR_1944_Color_Portrait.jpg/1920px-FDR_1944_Color_Portrait.jpg;;
New Deal;;1933;1939;;;United States;;;;Event;History;;;;;90;84;6;4;2023;https://en.wikipedia.org/wiki/New_Deal;https://upload.wikimedia.org/wikipedia/commons/6/67/NewDeal.jpg;;
Nazi Germany;;1933;1945;;;Europe;;;;Unit;History;;;;;90;78;12;4;2023;https://en.wikipedia.org/wiki/Nazi_Germany;https://upload.wikimedia.org/wikipedia/commons/thumb/6/6f/Greater_German_Reich_%281942%29.svg/1920px-Greater_German_Reich_%281942%29.svg.png;;
World War II;;1939;1945;;;World;;;;Event;History;;;;;84;78;6;4;2023;https://en.wikipedia.org/wiki/World_War_II;https://upload.wikimedia.org/wikipedia/commons/1/10/Bundesarchiv_Bild_101I-646-5188-17%2C_Flugzeuge_Junkers_Ju_87.jpg;;
Z3;First computer (Konrad Zuse);1941;;;;Berlin;;;;Event;History;;;;;82;;;4;2023;https://en.wikipedia.org/wiki/Z3_(computer);https://upload.wikimedia.org/wikipedia/commons/4/4c/Z3_Deutsches_Museum.JPG;;
Manhattan Project;;1942;1946;;;United States;;;;Event;History;;;;;81;77;4;4;2023;https://en.wikipedia.org/wiki/Manhattan_Project;https://upload.wikimedia.org/wikipedia/commons/8/8d/Trinity_shot_color.jpg;;
The Fountainhead;;1943;;;;United States;;;;Book;History;;;;;80;;;4;2023;https://en.wikipedia.org/wiki/The_Fountainhead;https://upload.wikimedia.org/wikipedia/commons/6/6e/The_Fountain_Head_%281943_1st_ed%29_-_Ayn_Rand.jpg;;
Atomic bombings of Hiroshima and Nagasaki;;1945;;;;Japan;;;;Event;History;;;;;78;;;3;2023;https://en.wikipedia.org/wiki/Atomic_bombings_of_Hiroshima_and_Nagasaki;https://upload.wikimedia.org/wikipedia/commons/thumb/5/54/Atomic_bombing_of_Japan.jpg/1920px-Atomic_bombing_of_Japan.jpg;;
Cold War;Geopolitical tension between the US and the Soviet Union;1947;1991;;;World;;;;Period;History;;;;;76;32;44;3;2023;https://en.wikipedia.org/wiki/Cold_War;https://upload.wikimedia.org/wikipedia/commons/thumb/2/2c/Cold_War_alliances_mid-1975.svg/1920px-Cold_War_alliances_mid-1975.svg.png;;
Apartheid;;1948;1991;;;South Africa;;;;Period;History;;;;;75;32;43;3;2023;https://en.wikipedia.org/wiki/Apartheid;https://upload.wikimedia.org/wikipedia/commons/8/81/DurbanSign1989.jpg;;
Hans-Hermann Hoppe;;1949;2023;;;Peine;;;;Person;History;;;;;74;0;74;3;2023;https://en.wikipedia.org/wiki/Hans-Hermann_Hoppe;https://upload.wikimedia.org/wikipedia/commons/d/d0/Hoppe-pfs2022.png;;
West Germany;;1949;1990;;;Germany;Central Europe;Europe;;Unit;History;;;;;74;33;41;3;2023;https://en.wikipedia.org/wiki/West_Germany;https://upload.wikimedia.org/wikipedia/commons/thumb/9/9b/West_Germany_1956-1990.svg/1920px-West_Germany_1956-1990.svg.png;;
Vladimir Putin;;1952;2023;;;Saint Petersburg;;;;Person;History;;;;;71;0;71;3;2023;https://en.wikipedia.org/wiki/Vladimir_Putin;https://upload.wikimedia.org/wikipedia/commons/4/47/Vladimir_Putin_17-11-2021_%28cropped%29.jpg;;
Civil rights movement;;1954;1968;;;United States;;;;Movement;Politics;;;;;69;55;14;3;2023;https://en.wikipedia.org/wiki/Civil_rights_movement;https://upload.wikimedia.org/wikipedia/commons/thumb/4/4c/Civil_Rights_March_on_Washington%2C_D.C._%28Leaders_marching_from_the_Washington_Monument_to_the_Lincoln_Memorial%29_-_NARA_-_542010.jpg/1920px-Civil_Rights_March_on_Washington%2C_D.C._%28Leaders_marching_from_the_Washington_Monument_to_the_Lincoln_Memorial%29_-_NARA_-_542010.jpg;;
Vietnam War;;1955;1975;;;Vietnam;;;;Event;History;;;;;68;48;20;3;2023;https://en.wikipedia.org/wiki/Vietnam_War;https://upload.wikimedia.org/wikipedia/commons/4/43/VNWarMontage.png;;
Atlas Shrugged;;1957;;;;United States;;;;Book;History;;;;;66;;;3;2023;https://en.wikipedia.org/wiki/Atlas_Shrugged;https://upload.wikimedia.org/wikipedia/commons/thumb/3/3e/Atlas_Shrugged_%281957_1st_ed%29_-_Ayn_Rand.jpg/440px-Atlas_Shrugged_%281957_1st_ed%29_-_Ayn_Rand.jpg;;
Tennis for Two;First video game;1958;;;;United States;;;;Event;History;;;;;65;;;3;2023;https://en.wikipedia.org/wiki/Tennis_for_Two;https://upload.wikimedia.org/wikipedia/commons/5/50/Tennis_For_Two_on_a_DuMont_Lab_Oscilloscope_Type_304-A.jpg;;
JFK (in office);;1961;1963;;;United States;;;;Person;History;;;;;62;60;2;3;2023;https://en.wikipedia.org/wiki/John_F._Kennedy;https://upload.wikimedia.org/wikipedia/commons/c/c3/John_F._Kennedy%2C_White_House_color_photo_portrait.jpg;;
Detonation of the Tsar Bomba;;1961;;;;Soviet Union;;;;Event;History;;;;;62;;;3;2023;https://en.wikipedia.org/wiki/Tsar_Bomba;https://upload.wikimedia.org/wikipedia/en/c/c9/Tsar_photo11.jpg;;
Cuban Missile Crisis;;1962;;;;Cuba;;;;Event;History;;;;;61;;;3;2023;https://en.wikipedia.org/wiki/Cuban_Missile_Crisis;https://upload.wikimedia.org/wikipedia/commons/9/9d/Soviet-R-12-nuclear-ballistic_missile.jpg;;
Second-wave feminism;;1963;1980;;;United States;;;;Movement;Politics;;;;;60;43;17;3;2023;;;;
Rhodesian Bush War;;1964;1979;;;Zimbabwe;East Africa;Africa;;War;History;;;;;59;44;15;2;2023;https://en.wikipedia.org/wiki/Rhodesian_Bush_War;https://upload.wikimedia.org/wikipedia/commons/f/ff/RhodesiaAllies1975.png;;
Abandonment of the Gold Standard;;1971;;;;United States;;;;Event;History;;;;;52;;;2;2023;https://en.wikipedia.org/wiki/Gold_standard#:~:text=to%20gold%20on-,August%2015%2C%201971,-(the%20%22Nixon;https://upload.wikimedia.org/wikipedia/commons/1/17/Us-gold-certificate-1922.jpg;;
Elon Musk;;1971;2023;;;Pretoria;;;;Person;History;;;;;52;0;52;2;2023;https://en.wikipedia.org/wiki/Elon_Musk;https://upload.wikimedia.org/wikipedia/commons/3/34/Elon_Musk_Royal_Society_%28crop2%29.jpg;;
Watergate;;1972;;;;United States;;;;Event;History;;;;;51;;;2;2023;https://en.wikipedia.org/wiki/Watergate_scandal;https://upload.wikimedia.org/wikipedia/commons/7/77/WatergateFromAir.JPG;;
Curtis Yarvin;;1973;2023;;;United States;;;;Person;History;;;;;50;0;50;2;2023;https://en.wikipedia.org/wiki/Curtis_Yarvin;https://upload.wikimedia.org/wikipedia/commons/d/d2/Curtis_Yarvin_on_Philosophy_of_Art_%26_Science.jpg;;
Microsoft;;1975;2023;;;Albuquerque;;;;Company;History;;;;;48;0;48;2;2023;https://en.wikipedia.org/wiki/Microsoft;https://upload.wikimedia.org/wikipedia/commons/thumb/3/30/Building92microsoft.jpg/1920px-Building92microsoft.jpg;;
Apple Inc.;;1976;2023;;;Los Altos;;;;Company;History;;;;;47;0;47;2;2023;https://en.wikipedia.org/wiki/Apple_Inc.;https://upload.wikimedia.org/wikipedia/commons/d/d2/Ifc_shanghai_Apple_Store.jpg;;
Margaret Thatcher (in office);;1979;1990;;;UK;;;;Person;History;;;;;44;33;11;2;2023;https://en.wikipedia.org/wiki/Margaret_Thatcher;https://upload.wikimedia.org/wikipedia/commons/3/3d/Margaret_Thatcher_stock_portrait_%28cropped%29.jpg;;
Eliezer Yudkowsky;;1979;2023;;;United States;;;;Person;History;;;;;44;0;44;2;2023;https://en.wikipedia.org/wiki/Eliezer_Yudkowsky;https://upload.wikimedia.org/wikipedia/commons/thumb/3/35/Eliezer_Yudkowsky%2C_Stanford_2006_%28square_crop%29.jpg/440px-Eliezer_Yudkowsky%2C_Stanford_2006_%28square_crop%29.jpg;;
Ronald Reagan (in office);;1981;1989;;;United States;;;;Person;History;;;;;42;34;8;2;2023;https://en.wikipedia.org/wiki/Ronald_Reagan;https://upload.wikimedia.org/wikipedia/commons/thumb/1/16/Official_Portrait_of_President_Reagan_1981.jpg/1920px-Official_Portrait_of_President_Reagan_1981.jpg;;
Super Mario Bros.;;1985;;;;Japan;;;;Game;History;;;;;38;;;1;2023;https://en.wikipedia.org/wiki/Super_Mario_Bros.;https://upload.wikimedia.org/wikipedia/en/0/03/Super_Mario_Bros._box.png;;
Chernobyl disaster;;1986;;;;Pripyat;;;;Event;History;;;;;37;;;1;2023;https://en.wikipedia.org/wiki/Chernobyl_disaster;https://upload.wikimedia.org/wikipedia/commons/thumb/8/87/IAEA_02790015_%285613115146%29.jpg/1280px-IAEA_02790015_%285613115146%29.jpg;;
Fall of the Berlin Wall;;1989;;;;Germany;Central Europe;Europe;;Event;History;;;;;34;;;1;2023;https://en.wikipedia.org/wiki/Fall_of_the_Berlin_Wall;https://upload.wikimedia.org/wikipedia/commons/1/1c/West_and_East_Germans_at_the_Brandenburg_Gate_in_1989.jpg;;
Third-wave feminism;;1992;2023;;;United States;;;;Movement;Politics;;;;;31;0;31;1;2023;;;;
European Union;The EU is formally established;1993;2023;;;Maastricht;;;;Event;History;;;;;30;0;30;1;2023;https://en.wikipedia.org/wiki/European_Union#Treaties_of_Maastricht,_Amsterdam_and_Nice_(1993%E2%80%8D%E2%80%93%E2%80%8D2004):~:text=on%201%20November-,1993,-.%5B21%5D;https://upload.wikimedia.org/wikipedia/commons/thumb/b/b7/Flag_of_Europe.svg/1920px-Flag_of_Europe.svg.png;;
Google;;1998;2023;;;Menlo Park;;;;Company;History;;;;;25;0;25;1;2023;https://en.wikipedia.org/wiki/Google;https://upload.wikimedia.org/wikipedia/commons/thumb/3/32/Googleplex_HQ_%28cropped%29.jpg/1920px-Googleplex_HQ_%28cropped%29.jpg;;
September 11 attacks (9/11);;2001;;;;United States;;;;Event;History;;;;;22;;;1;2023;https://en.wikipedia.org/wiki/September_11_attacks;https://upload.wikimedia.org/wikipedia/commons/3/35/WTC_smoking_on_9-11.jpeg;;
War in Afghanistan;;2001;2021;;;Afghanistan;;;;Event;History;;;;;22;2;20;1;2023;https://en.wikipedia.org/wiki/War_in_Afghanistan_(2001%E2%80%932021);https://upload.wikimedia.org/wikipedia/commons/thumb/9/94/U.S._Army_firefight_in_Kunar.jpg/1920px-U.S._Army_firefight_in_Kunar.jpg;;
Wikipedia;;2001;2023;;;United States;;;;Event;History;;;;;22;0;22;1;2023;https://en.wikipedia.org/wiki/History_of_Wikipedia;https://upload.wikimedia.org/wikipedia/commons/2/20/First_preserved_Main_Page_of_Wikipedia.jpeg;;
Arab Spring;;2010;2012;;;;;;;Event;History;;;;;13;11;2;0;2023;https://en.wikipedia.org/wiki/Arab_Spring;https://upload.wikimedia.org/wikipedia/commons/1/14/Infobox_collage_for_MENA_protests.PNG;;
Fukushima nuclear disaster;;2011;;;;?kuma;;;;Event;History;;;;;12;;;0;2023;https://en.wikipedia.org/wiki/Fukushima_nuclear_disaster;https://upload.wikimedia.org/wikipedia/commons/7/7d/Fukushima_I_by_Digital_Globe.jpg;;
Euromaidan;;2013;2014;;;Ukraine;;;;Event;History;;;;;10;9;1;0;2023;https://en.wikipedia.org/wiki/Euromaidan;https://upload.wikimedia.org/wikipedia/commons/5/53/Euromaidan_collage.jpg;;
Gamergate;;2014;2015;;;United States;;;;Event;History;;;;;9;8;1;0;2023;https://en.wikipedia.org/wiki/Gamergate_(harassment_campaign);https://upload.wikimedia.org/wikipedia/commons/1/14/Zo%C3%AB_Quinn_%282015%29.jpg;;
Annexation of Crimea by the Russian Federation;;2014;;;;Crimea;;;;Event;History;;;;;9;;;0;2023;https://en.wikipedia.org/wiki/Annexation_of_Crimea_by_the_Russian_Federation;https://upload.wikimedia.org/wikipedia/commons/thumb/d/dc/Putin_with_Vladimir_Konstantinov%2C_Sergey_Aksyonov_and_Alexey_Chaly_4.jpeg/1920px-Putin_with_Vladimir_Konstantinov%2C_Sergey_Aksyonov_and_Alexey_Chaly_4.jpeg;;
Donald Trump (in office);;2017;2021;;;United States;;;;Person;History;;;;;6;2;4;0;2023;https://en.wikipedia.org/wiki/Donald_Trump;https://upload.wikimedia.org/wikipedia/commons/thumb/5/56/Donald_Trump_official_portrait.jpg/1920px-Donald_Trump_official_portrait.jpg;;
COVID-19 pandemic;;2019;2023;;;World;;;;Event;History;;;;;4;0;4;0;2023;https://en.wikipedia.org/wiki/COVID-19;https://upload.wikimedia.org/wikipedia/commons/thumb/9/94/Coronavirus._SARS-CoV-2.png/220px-Coronavirus._SARS-CoV-2.png;;
January 6 US Capitol attack;;2021;;;;Washington D.C.;;;;Event;History;;;;;2;;;0;2023;https://en.wikipedia.org/wiki/January_6_United_States_Capitol_attack;https://upload.wikimedia.org/wikipedia/commons/thumb/4/4f/2021_storming_of_the_United_States_Capitol_DSC09254-2_%2850820534063%29_%28retouched%29.jpg/1920px-2021_storming_of_the_United_States_Capitol_DSC09254-2_%2850820534063%29_%28retouched%29.jpg;;
2022 Russian invasion of Ukraine;;2022;2023;;;Ukraine;;;;War;History;;;;;1;0;1;0;2023;https://en.wikipedia.org/wiki/2022_Russian_invasion_of_Ukraine;https://upload.wikimedia.org/wikipedia/commons/thumb/4/4f/2022_Russian_invasion_of_Ukraine.svg/1920px-2022_Russian_invasion_of_Ukraine.svg.png;;
Woodstock;;;;;;;;;;;;;;;;;;;;2023;;;;
1992 Los Angeles riots;Race riots;;;;;;;;;;;;;;;;;;;2023;;;;
Unite the Right rally;;;;;;;;;;;;;;;;;;;;2023;;;;
Subprime mortgage crisis;;;;;;;;;;;;;;;;;;;;2023;;;;
Iraq war;;;;;;;;;;;;;;;;;;;;2023;;;;
Dotcom crash;;;;;;;;;;;;;;;;;;;;2023;;;;
Rwandan genocide;;;;;;;;;;;;;;;;;;;;2023;;;;
Armenian genocide;;;;;;;;;;;;;;;;;;;;2023;;;;
AIDS crisis;;;;;;;;;;;;;;;;;;;;2023;;;;
Solzhenitsyn;;;;;;;;;;;;;;;;;;;;2023;;;;
Stanley Kubrick;;;;;;;;;;;;;;;;;;;;2023;;;;
Moon landing;;;;;;;;;;;;;;;;;;;;2023;;;;
First satelline;;;;;;;;;;;;;;;;;;;;2023;;;;
First man in space;;;;;;;;;;;;;;;;;;;;2023;;;;
JFK assassination;;;;;;;;;;;;;;;;;;;;2023;;;;
Great Leap Forward;;;;;;;;;;;;;;;;;;;;2023;;;;
Hungarian revolution;;;;;;;;;;;;;;;;;;;;2023;;;;
Korean war;;;;;;;;;;;;;;;;;;;;2023;;;;
George Orwell;;;;;;;;;;;;;;;;;;;;2023;;;;
1984;;;;;;;;;;;;;;;;;;;;2023;;;;
Cuban revolution;;;;;;;;;;;;;;;;;;;;2023;;;;
Declaration of the state of Israel;;;;;;;;;;;;;;;;;;;;2023;;;;
D-Day;;;;;;;;;;;;;;;;;;;;2023;;;;
Attack on Pearl Harbor;;;;;;;;;;;;;;;;;;;;2023;;;;
Operation Barbarossa;;;;;;;;;;;;;;;;;;;;2023;;;;
Battle of France;;;;;;;;;;;;;;;;;;;;2023;;;;
Obamacare;;;;;;;;;;;;;;;;;;;;2023;;;;
Culture war speech;;;;;;;;;;;;;;;;;;;;2023;;;;
Gunpowder;;;;;;;;;;;;;;;;;;;;2023;;;;
Gupta Dynasty;;;;;;;;;;;;;;;;;;;;2023;;;;
Compass;;;;;;;;;;;;;;;;;;;;2023;;;;
Cosmic Dark Age;;;;;;;;;;;;;;;;;;;;2023;;;;
Angkor Wat;;;;;;;;;;;;;;;;;;;;2023;;;;
Paper money;;;;;;;;;;;;;;;;;;;;2023;;;;
Aztecs;;;;;;;;;;;;;;;;;;;;2023;;;;
Pollution control;;;;;;;;;;;;;;;;;;;;2023;;;;
Thirty Years' War;;;;;;;;;;;;;;;;;;;;2023;;;;
Peace of Westphalia;;;;;;;;;;;;;;;;;;;;2023;;;;
Wealth of Nations;;;;;;;;;;;;;;;;;;;;2023;;;;
Mercantilism;;;;;;;;;;;;;;;;;;;;2023;;;;
The Declaration of Sentiments;;;;;;;;;;;;;;;;;;;;2023;;;;
Epic Droughts (19th century);;;;;;;;;;;;;;;;;;;;2023;;;;
The Great (Columbian) Exchange;;;;;;;;;;;;;;;;;;;;2023;;;;
First microscope;;;;;;;;;;;;;;;;;;;;2023;;;;
First telescope;;;;;;;;;;;;;;;;;;;;2023;;;;
Flush toilet;;;;;;;;;;;;;;;;;;;;2023;;;;
Smallpox vaccine (400k dead annually in Europe);;;;;;;;;;;;;;;;;;;;2023;;;;
Rubber condom;;;;;;;;;;;;;;;;;;;;2023;;;;
Roman roads completed;;;;;;;;;;;;;;;;;;;;2023;;;;
Water mill;;;;;;;;;;;;;;;;;;;;2023;;;;
Windmill;;;;;;;;;;;;;;;;;;;;2023;;;;
Magnetic compass;;;;;;;;;;;;;;;;;;;;2023;;;;
Printing press;;;;;;;;;;;;;;;;;;;;2023;;;;
Commercial steam engine (1698);;;;;;;;;;;;;;;;;;;;2023;;;;
Radio;;;;;;;;;;;;;;;;;;;;;;;;
Wright brothers;;;;;;;;;;;;;;;;;;;;;;;;
TV;;;;;;;;;;;;;;;;;;;;;;;;
Space race;;;;;;;;;;;;;;;;;;;;;;;;
World Wide Web (1989);;;;;;;;;;;;;;;;;;;;;;;;
First browser;;;;;;;;;;;;;;;;;;;;;;;;
First smartphone;;;;;;;;;;;;;;;;;;;;;;;;
Simpsons (irony);;;;;;;;;;;;;;;;;;;;;;;;
First oil well;;;;;;;;;;;;;;;;;;;;;;;;
Medieval warm period;;;;;;;;;;;;;;;;;;;;;;;;
The little ice age;;;;;;;;;;;;;;;;;;;;;;;;
The great famine (14th century);;;;;;;;;;;;;;;;;;;;;;;;
Thomas Maltus;;;;;;;;;;;;;;;;;;;;;;;;
Sputnik;;;;;;;;;;;;;;;;;;;;;;;;
Human genome sequenced (2003);;;;;;;;;;;;;;;;;;;;;;;;
Birth control pills;;;;;;;;;;;;;;;;;;;;;;;;
Green revolution (1970);;;;;;;;;;;;;;;;;;;;;;;;
Over 50% people live in urban cities (2009);;;;;;;;;;;;;;;;;;;;;;;;
The Holocaust;;;;;;;;;;;;;;;;;;;;;;;;
Irish potato famine;;;;;;;;;;;;;;;;;;;;;;;;
Pasteurization;;;;;;;;;;;;;;;;;;;;;;;;
age of iron in west africa;;;;;;;;;;;;;;;;;;;;;;;;
Seven Years War;;;;;;;;;;;;;;;;;;;;;;;;
Mahatma Gandhi;;;;;;;;;;;;;;;;;;;;;;;;
Kuomitang (republic of China);;;;;;;;;;;;;;;;;;;;;;;;
arms race;;;;;;;;;;;;;;;;;;;;;;;;
disco music;;;;;;;;;;;;;;;;;;;;;;;;
rock music;;;;;;;;;;;;;;;;;;;;;;;;
Beatles;;;;;;;;;;;;;;;;;;;;;;;;
India clashes with Asia (55m);;;;;;;;;;;;;;;;;;;;;;;;
First fish (550)m (myllokunmingia);;;;;;;;;;;;;;;;;;;;;;;;
first plants;;;;;;;;;;;;;;;;;;;;;;;;
plants colonize land (450m);;;;;;;;;;;;;;;;;;;;;;;;
cryogenian period;;;;;;;;;;;;;;;;;;;;;;;;
Robespierre;;;;;;;;;;;;;;;;;;;;;;;;
Chechnian war;;;;;;;;;;;;;;;;;;;;;;;;
;Most probable estimated lifespan of technological civilization according to the Drake equation (10k);;;;;;;;;;;;;;;;;;;;;;;
;If panmixia occurs, human genetic variation will no longer be traditionally regionalized (10k);;;;;;;;;;;;;;;;;;;;;;;
;Humanity has a probability of 95% extinction according to Doomsday argument (10k);;;;;;;;;;;;;;;;;;;;;;;
;Time required to terraform Mars (100k)+;;;;;;;;;;;;;;;;;;;;;;;
;Great Pyramid of Giza errodes into unrecognizability (1m);;;;;;;;;;;;;;;;;;;;;;;
;Neil Armstrong's step erodes into unrecognizability (1m);;;;;;;;;;;;;;;;;;;;;;;
Mount Rushmore;;;;;;;;;;;;;;;;;;;;;;;;
;Humanity has a probability of 95% extinction according to Doomsday argument (7.8m);;;;;;;;;;;;;;;;;;;;;;;
First alcohol;;;;;;;;;;;;;;;;;;;;;;;;
;Sahara green again (15k);;;;;;;;;;;;;;;;;;;;;;;
;African collision with Eurasia closes Mediterranean (50m);;;;;;;;;;;;;;;;;;;;;;;
;Solar System completes an orbit from current position (240m);;;;;;;;;;;;;;;;;;;;;;;
;Another supercontinent (250m);;;;;;;;;;;;;;;;;;;;;;;
;Supercontinent rifts apart (400-500m);;;;;;;;;;;;;;;;;;;;;;;
;Earth swallowed by sun (7.59b);;;;;;;;;;;;;;;;;;;;;;;
First Red Scare;1917-1920;;;;;;;;;;;;;;;;;;;;;;;
Second Red Scare (McCarthyism);1947-1957;;;;;;;;;;;;;;;;;;;;;;;
Hannibal;;;;;;;;;;;;;;;;;;;;;;;;
Pyrrhic victory (war with Greece);;;;;;;;;;;;;;;;;;;;;;;;
Gallic invasion (sack) of Rome ;;;;;;;;;;;;;;;;;;;;;;;;
SPQR;;;;;;;;;;;;;;;;;;;;;;;;
Great oxidation event;;;;;;;;;;;;;;;;;;;;;;;;
Nordic Bronze Age;;;;;;;;;;;;;;;;;;;;;;;;
Etruscans;;;;;;;;;;;;;;;;;;;;;;;;
